0.000,3785.000,747.000,4532.000,0.026
0.007,3755.000,747.000,4502.000,22.929
0.014,3724.000,747.000,4471.000,-8.416
0.020,3687.000,750.000,4437.000,-42.931
0.027,3627.000,758.000,4385.000,-83.239
0.034,3581.000,771.000,4352.000,-112.068
0.041,3512.000,790.000,4302.000,-133.949
0.048,3453.000,810.000,4263.000,-155.836
0.054,3388.000,833.000,4221.000,-169.850
0.061,3325.000,865.000,4190.000,-183.948
0.068,3265.000,900.000,4165.000,-193.955
0.075,3196.000,928.000,4124.000,-199.376
0.081,3138.000,960.000,4098.000,-199.178
0.088,3082.000,1000.000,4082.000,-204.881
0.095,3020.000,1032.000,4052.000,-218.159
0.102,2962.000,1071.000,4033.000,-230.395
0.109,2912.000,1106.000,4018.000,-242.442
0.115,2866.000,1134.000,4000.000,-267.941
0.122,2797.000,1169.000,3966.000,-304.437
0.129,2748.000,1194.000,3942.000,-340.916
0.136,2700.000,1224.000,3924.000,-377.370
0.143,2644.000,1253.000,3897.000,-413.804
0.149,2599.000,1273.000,3872.000,-444.934
0.156,2553.000,1293.000,3846.000,-481.196
0.163,2497.000,1316.000,3813.000,-517.287
0.170,2451.000,1336.000,3787.000,-553.168
0.176,2422.000,1348.000,3770.000,-584.230
0.183,2383.000,1366.000,3749.000,-620.915
0.190,2334.000,1381.000,3715.000,-656.652
0.197,2296.000,1393.000,3689.000,-691.541
0.204,2264.000,1408.000,3672.000,-722.467
0.210,2232.000,1416.000,3648.000,-746.916
0.217,2200.000,1426.000,3626.000,-768.865
0.224,2157.000,1436.000,3593.000,-789.040
0.231,2122.000,1444.000,3566.000,-808.938
0.238,2093.000,1453.000,3546.000,-828.764
0.244,2069.000,1457.000,3526.000,-845.700
0.251,2041.000,1461.000,3502.000,-865.131
0.258,2009.000,1466.000,3475.000,-884.415
0.265,1985.000,1471.000,3456.000,-903.658
0.271,1962.000,1475.000,3437.000,-919.458
0.278,1937.000,1479.000,3416.000,-935.782
0.285,1908.000,1484.000,3392.000,-951.490
0.292,1878.000,1489.000,3367.000,-967.037
0.299,1864.000,1493.000,3357.000,-982.520
0.305,1846.000,1494.000,3340.000,-995.770
0.312,1814.000,1494.000,3308.000,-1011.219
0.319,1795.000,1494.000,3289.000,-1026.663
0.326,1772.000,1494.000,3266.000,-1042.100
0.333,1752.000,1494.000,3246.000,-1057.533
0.339,1732.000,1494.000,3226.000,-1070.762
0.324,1732.000,1484.000,3216.000,-1198.768
0.309,1737.000,1432.000,3169.000,-1227.369
0.295,1749.000,1346.000,3095.000,-1254.067
0.280,1786.000,1216.000,3002.000,-1282.674
0.265,1828.000,1068.000,2896.000,-1311.278
0.250,1877.000,908.000,2785.000,-1339.881
0.235,1931.000,762.000,2693.000,-1368.487
0.221,1993.000,636.000,2629.000,-1395.184
0.206,2057.000,516.000,2573.000,-1423.786
0.191,2125.000,412.000,2537.000,-1452.392
0.176,2202.000,324.000,2526.000,-1480.615
0.161,2288.000,250.000,2538.000,-1478.499
0.147,2376.000,190.000,2566.000,-1462.889
0.132,2473.000,144.000,2617.000,-1445.639
0.117,2600.000,104.000,2704.000,-1427.613
0.102,2708.000,74.000,2782.000,-1395.887
0.087,2830.000,54.000,2884.000,-1361.668
0.073,2952.000,36.000,2988.000,-1319.814
0.058,3085.000,16.000,3101.000,-1245.610
0.043,3235.000,0.000,3235.000,-1146.720
0.028,3407.000,0.000,3407.000,-1028.570
0.014,3589.000,0.000,3589.000,-888.400
-0.001,3801.000,0.000,3801.000,-733.526
-0.016,4020.000,0.000,4020.000,-524.791
-0.031,4207.000,0.000,4207.000,-341.744
-0.046,4381.000,0.000,4381.000,-170.455
-0.060,4529.000,0.000,4529.000,-44.424
-0.075,4680.000,0.000,4680.000,96.277
-0.090,4808.000,0.000,4808.000,169.832
-0.105,4936.000,0.000,4936.000,249.445
-0.120,5057.000,0.000,5057.000,334.088
-0.134,5161.000,0.000,5161.000,425.033
-0.149,5268.000,0.000,5268.000,523.344
-0.164,5370.000,0.000,5370.000,618.970
-0.179,5471.000,0.000,5471.000,665.855
-0.194,5563.000,0.000,5563.000,710.629
-0.208,5622.000,0.000,5622.000,755.490
-0.223,5709.000,0.000,5709.000,803.979
-0.238,5771.000,0.000,5771.000,854.467
-0.253,5846.000,0.000,5846.000,906.023
-0.268,5911.000,0.000,5911.000,956.985
-0.282,5960.000,0.000,5960.000,1003.974
-0.297,6019.000,0.000,6019.000,1053.243
-0.312,6070.000,0.000,6070.000,1101.676
-0.327,6117.000,0.000,6117.000,1150.024
-0.342,6167.000,0.000,6167.000,1198.360
-0.356,6209.000,0.000,6209.000,1243.437
-0.371,6249.000,0.000,6249.000,1289.989
-0.386,6286.000,0.000,6286.000,1332.283
0.339,1732.000,1494.000,3226.000,-1070.762
0.324,1732.000,1484.000,3216.000,-1198.768
0.309,1737.000,1432.000,3169.000,-1227.369
0.295,1749.000,1346.000,3095.000,-1254.067
0.280,1786.000,1216.000,3002.000,-1282.674
0.265,1828.000,1068.000,2896.000,-1311.278
0.250,1877.000,908.000,2785.000,-1339.881
0.235,1931.000,762.000,2693.000,-1368.487
0.221,1993.000,636.000,2629.000,-1395.184
0.206,2057.000,516.000,2573.000,-1423.786
0.191,2125.000,412.000,2537.000,-1452.392
0.176,2202.000,324.000,2526.000,-1480.615
0.161,2288.000,250.000,2538.000,-1478.499
0.147,2376.000,190.000,2566.000,-1462.889
0.132,2473.000,144.000,2617.000,-1445.639
0.117,2600.000,104.000,2704.000,-1427.613
0.102,2708.000,74.000,2782.000,-1395.887
0.087,2830.000,54.000,2884.000,-1361.668
0.073,2952.000,36.000,2988.000,-1319.814
0.058,3085.000,16.000,3101.000,-1245.610
0.043,3235.000,0.000,3235.000,-1146.720
0.028,3407.000,0.000,3407.000,-1028.570
0.014,3589.000,0.000,3589.000,-888.400
-0.001,3801.000,0.000,3801.000,-733.526
-0.016,4020.000,0.000,4020.000,-524.791
-0.031,4207.000,0.000,4207.000,-341.744
-0.046,4381.000,0.000,4381.000,-170.455
-0.060,4529.000,0.000,4529.000,-44.424
-0.075,4680.000,0.000,4680.000,96.277
-0.090,4808.000,0.000,4808.000,169.832
-0.105,4936.000,0.000,4936.000,249.445
-0.120,5057.000,0.000,5057.000,334.088
-0.134,5161.000,0.000,5161.000,425.033
-0.149,5268.000,0.000,5268.000,523.344
-0.164,5370.000,0.000,5370.000,618.970
-0.179,5471.000,0.000,5471.000,665.855
-0.194,5563.000,0.000,5563.000,710.629
-0.208,5622.000,0.000,5622.000,755.490
-0.223,5709.000,0.000,5709.000,803.979
-0.238,5771.000,0.000,5771.000,854.467
-0.253,5846.000,0.000,5846.000,906.023
-0.268,5911.000,0.000,5911.000,956.985
-0.282,5960.000,0.000,5960.000,1003.974
-0.297,6019.000,0.000,6019.000,1053.243
-0.312,6070.000,0.000,6070.000,1101.676
-0.327,6117.000,0.000,6117.000,1150.024
-0.342,6167.000,0.000,6167.000,1198.360
-0.356,6209.000,0.000,6209.000,1243.437
-0.371,6249.000,0.000,6249.000,1289.989
-0.386,6286.000,0.000,6286.000,1332.283
0.332,1755.000,1494.000,3249.000,-1055.332
0.317,1755.000,1484.000,3239.000,-1183.335
0.302,1759.000,1432.000,3191.000,-1211.935
0.288,1777.000,1346.000,3123.000,-1238.634
0.273,1813.000,1216.000,3029.000,-1267.239
0.258,1852.000,1068.000,2920.000,-1295.846
0.244,1896.000,924.000,2820.000,-1322.542
0.229,1952.000,776.000,2728.000,-1351.146
0.214,2022.000,636.000,2658.000,-1379.751
0.200,2083.000,516.000,2599.000,-1406.449
0.185,2160.000,412.000,2572.000,-1435.052
0.170,2229.000,324.000,2553.000,-1463.524
0.156,2320.000,256.000,2576.000,-1465.916
0.141,2417.000,196.000,2613.000,-1449.574
0.127,2512.000,152.000,2664.000,-1433.458
0.112,2630.000,112.000,2742.000,-1415.977
0.097,2750.000,78.000,2828.000,-1384.803
0.083,2859.000,58.000,2917.000,-1351.512
0.068,2999.000,38.000,3037.000,-1298.206
0.053,3135.000,18.000,3153.000,-1214.696
0.039,3282.000,0.000,3282.000,-1115.459
0.024,3453.000,0.000,3453.000,-994.785
0.009,3652.000,0.000,3652.000,-835.972
-0.005,3868.000,0.000,3868.000,-672.528
-0.020,4073.000,0.000,4073.000,-473.933
-0.035,4253.000,0.000,4253.000,-298.145
-0.049,4409.000,0.000,4409.000,-142.609
-0.064,4562.000,0.000,4562.000,-5.328
-0.079,4712.000,0.000,4712.000,116.905
-0.093,4834.000,0.000,4834.000,185.748
-0.108,4970.000,0.000,4970.000,265.237
-0.122,5071.000,0.000,5071.000,346.884
-0.137,5183.000,0.000,5183.000,444.690
-0.152,5287.000,0.000,5287.000,542.999
-0.166,5386.000,0.000,5386.000,626.697
-0.181,5477.000,0.000,5477.000,671.795
-0.196,5573.000,0.000,5573.000,716.930
-0.210,5637.000,0.000,5637.000,761.959
-0.225,5724.000,0.000,5724.000,810.446
-0.240,5783.000,0.000,5783.000,861.333
-0.254,5850.000,0.000,5850.000,909.462
-0.269,5912.000,0.000,5912.000,960.345
-0.284,5973.000,0.000,5973.000,1010.663
-0.298,6021.000,0.000,6021.000,1056.480
-0.313,6074.000,0.000,6074.000,1104.901
-0.327,6117.000,0.000,6117.000,1150.024
-0.342,6167.000,0.000,6167.000,1198.360
-0.357,6213.000,0.000,6213.000,1246.653
-0.371,6249.000,0.000,6249.000,1289.989
-0.386,6286.000,0.000,6286.000,1332.283
0.332,1755.000,1494.000,3249.000,-1055.332
0.317,1755.000,1484.000,3239.000,-1183.335
0.302,1759.000,1432.000,3191.000,-1211.935
0.288,1777.000,1346.000,3123.000,-1238.634
0.273,1813.000,1216.000,3029.000,-1267.239
0.258,1852.000,1068.000,2920.000,-1295.846
0.244,1896.000,924.000,2820.000,-1322.542
0.229,1952.000,776.000,2728.000,-1351.146
0.214,2022.000,636.000,2658.000,-1379.751
0.200,2083.000,516.000,2599.000,-1406.449
0.185,2160.000,412.000,2572.000,-1435.052
0.170,2229.000,324.000,2553.000,-1463.524
0.156,2320.000,256.000,2576.000,-1465.916
0.141,2417.000,196.000,2613.000,-1449.574
0.127,2512.000,152.000,2664.000,-1433.458
0.112,2630.000,112.000,2742.000,-1415.977
0.097,2750.000,78.000,2828.000,-1384.803
0.083,2859.000,58.000,2917.000,-1351.512
0.068,2999.000,38.000,3037.000,-1298.206
0.053,3135.000,18.000,3153.000,-1214.696
0.039,3282.000,0.000,3282.000,-1115.459
0.024,3453.000,0.000,3453.000,-994.785
0.009,3652.000,0.000,3652.000,-835.972
-0.005,3868.000,0.000,3868.000,-672.528
-0.020,4073.000,0.000,4073.000,-473.933
-0.035,4253.000,0.000,4253.000,-298.145
-0.049,4409.000,0.000,4409.000,-142.609
-0.064,4562.000,0.000,4562.000,-5.328
-0.079,4712.000,0.000,4712.000,116.905
-0.093,4834.000,0.000,4834.000,185.748
-0.108,4970.000,0.000,4970.000,265.237
-0.122,5071.000,0.000,5071.000,346.884
-0.137,5183.000,0.000,5183.000,444.690
-0.152,5287.000,0.000,5287.000,542.999
-0.166,5386.000,0.000,5386.000,626.697
-0.181,5477.000,0.000,5477.000,671.795
-0.196,5573.000,0.000,5573.000,716.930
-0.210,5637.000,0.000,5637.000,761.959
-0.225,5724.000,0.000,5724.000,810.446
-0.240,5783.000,0.000,5783.000,861.333
-0.254,5850.000,0.000,5850.000,909.462
-0.269,5912.000,0.000,5912.000,960.345
-0.284,5973.000,0.000,5973.000,1010.663
-0.298,6021.000,0.000,6021.000,1056.480
-0.313,6074.000,0.000,6074.000,1104.901
-0.327,6117.000,0.000,6117.000,1150.024
-0.342,6167.000,0.000,6167.000,1198.360
-0.357,6213.000,0.000,6213.000,1246.653
-0.371,6249.000,0.000,6249.000,1289.989
-0.386,6286.000,0.000,6286.000,1332.283
0.324,1778.000,1494.000,3272.000,-1037.686
0.310,1778.000,1486.000,3264.000,-1163.791
0.295,1778.000,1440.000,3218.000,-1192.389
0.281,1798.000,1346.000,3144.000,-1219.088
0.266,1832.000,1230.000,3062.000,-1247.692
0.252,1874.000,1084.000,2958.000,-1274.391
0.237,1921.000,924.000,2845.000,-1302.995
0.223,1981.000,790.000,2771.000,-1329.696
0.208,2049.000,650.000,2699.000,-1358.298
0.194,2108.000,540.000,2648.000,-1384.996
0.179,2191.000,432.000,2623.000,-1413.601
0.165,2254.000,340.000,2594.000,-1441.043
0.150,2355.000,262.000,2617.000,-1451.262
0.136,2453.000,208.000,2661.000,-1436.491
0.121,2558.000,156.000,2714.000,-1419.181
0.107,2669.000,116.000,2785.000,-1402.670
0.092,2790.000,82.000,2872.000,-1373.310
0.078,2902.000,62.000,2964.000,-1337.257
0.063,3039.000,42.000,3081.000,-1274.088
0.049,3179.000,24.000,3203.000,-1188.560
0.034,3341.000,4.000,3345.000,-1074.528
0.020,3506.000,0.000,3506.000,-952.260
0.005,3697.000,0.000,3697.000,-800.522
-0.009,3919.000,0.000,3919.000,-620.075
-0.024,4124.000,0.000,4124.000,-426.283
-0.038,4297.000,0.000,4297.000,-261.165
-0.053,4457.000,0.000,4457.000,-110.052
-0.067,4595.000,0.000,4595.000,23.284
-0.082,4740.000,0.000,4740.000,131.157
-0.096,4869.000,0.000,4869.000,201.783
-0.111,4986.000,0.000,4986.000,281.107
-0.125,5093.000,0.000,5093.000,366.200
-0.140,5211.000,0.000,5211.000,464.354
-0.154,5300.000,0.000,5300.000,556.096
-0.169,5404.000,0.000,5404.000,636.034
-0.183,5493.000,0.000,5493.000,677.731
-0.198,5579.000,0.000,5579.000,723.292
-0.212,5650.000,0.000,5650.000,768.429
-0.227,5729.000,0.000,5729.000,817.036
-0.241,5784.000,0.000,5784.000,864.768
-0.256,5861.000,0.000,5861.000,916.337
-0.270,5914.000,0.000,5914.000,963.704
-0.285,5975.000,0.000,5975.000,1014.000
-0.299,6026.000,0.000,6026.000,1059.714
-0.314,6076.000,0.000,6076.000,1108.125
-0.328,6120.000,0.000,6120.000,1153.247
-0.343,6170.000,0.000,6170.000,1201.582
-0.357,6213.000,0.000,6213.000,1246.653
-0.372,6252.000,0.000,6252.000,1293.038
-0.386,6286.000,0.000,6286.000,1332.283
0.324,1778.000,1494.000,3272.000,-1037.686
0.310,1778.000,1486.000,3264.000,-1163.791
0.295,1778.000,1440.000,3218.000,-1192.389
0.281,1798.000,1346.000,3144.000,-1219.088
0.266,1832.000,1230.000,3062.000,-1247.692
0.252,1874.000,1084.000,2958.000,-1274.391
0.237,1921.000,924.000,2845.000,-1302.995
0.223,1981.000,790.000,2771.000,-1329.696
0.208,2049.000,650.000,2699.000,-1358.298
0.194,2108.000,540.000,2648.000,-1384.996
0.179,2191.000,432.000,2623.000,-1413.601
0.165,2254.000,340.000,2594.000,-1441.043
0.150,2355.000,262.000,2617.000,-1451.262
0.136,2453.000,208.000,2661.000,-1436.491
0.121,2558.000,156.000,2714.000,-1419.181
0.107,2669.000,116.000,2785.000,-1402.670
0.092,2790.000,82.000,2872.000,-1373.310
0.078,2902.000,62.000,2964.000,-1337.257
0.063,3039.000,42.000,3081.000,-1274.088
0.049,3179.000,24.000,3203.000,-1188.560
0.034,3341.000,4.000,3345.000,-1074.528
0.020,3506.000,0.000,3506.000,-952.260
0.005,3697.000,0.000,3697.000,-800.522
-0.009,3919.000,0.000,3919.000,-620.075
-0.024,4124.000,0.000,4124.000,-426.283
-0.038,4297.000,0.000,4297.000,-261.165
-0.053,4457.000,0.000,4457.000,-110.052
-0.067,4595.000,0.000,4595.000,23.284
-0.082,4740.000,0.000,4740.000,131.157
-0.096,4869.000,0.000,4869.000,201.783
-0.111,4986.000,0.000,4986.000,281.107
-0.125,5093.000,0.000,5093.000,366.200
-0.140,5211.000,0.000,5211.000,464.354
-0.154,5300.000,0.000,5300.000,556.096
-0.169,5404.000,0.000,5404.000,636.034
-0.183,5493.000,0.000,5493.000,677.731
-0.198,5579.000,0.000,5579.000,723.292
-0.212,5650.000,0.000,5650.000,768.429
-0.227,5729.000,0.000,5729.000,817.036
-0.241,5784.000,0.000,5784.000,864.768
-0.256,5861.000,0.000,5861.000,916.337
-0.270,5914.000,0.000,5914.000,963.704
-0.285,5975.000,0.000,5975.000,1014.000
-0.299,6026.000,0.000,6026.000,1059.714
-0.314,6076.000,0.000,6076.000,1108.125
-0.328,6120.000,0.000,6120.000,1153.247
-0.343,6170.000,0.000,6170.000,1201.582
-0.357,6213.000,0.000,6213.000,1246.653
-0.372,6252.000,0.000,6252.000,1293.038
-0.386,6286.000,0.000,6286.000,1332.283
0.317,1799.000,1494.000,3293.000,-1022.250
0.302,1799.000,1484.000,3283.000,-1150.251
0.288,1802.000,1440.000,3242.000,-1176.953
0.274,1821.000,1346.000,3167.000,-1203.651
0.259,1856.000,1230.000,3086.000,-1232.257
0.245,1898.000,1084.000,2982.000,-1258.953
0.231,1945.000,940.000,2885.000,-1285.651
0.216,2015.000,790.000,2805.000,-1314.256
0.202,2075.000,664.000,2739.000,-1340.952
0.188,2141.000,540.000,2681.000,-1367.651
0.173,2217.000,432.000,2649.000,-1396.254
0.159,2304.000,348.000,2652.000,-1424.540
0.145,2390.000,268.000,2658.000,-1438.634
0.130,2489.000,208.000,2697.000,-1423.165
0.116,2609.000,160.000,2769.000,-1406.930
0.102,2708.000,124.000,2832.000,-1390.092
0.087,2830.000,84.000,2914.000,-1361.618
0.073,2952.000,64.000,3016.000,-1319.764
0.059,3077.000,46.000,3123.000,-1251.685
0.044,3227.000,26.000,3253.000,-1153.880
0.030,3378.000,8.000,3386.000,-1043.743
0.015,3578.000,0.000,3578.000,-899.090
0.001,3766.000,0.000,3766.000,-763.928
-0.013,3974.000,0.000,3974.000,-567.653
-0.028,4174.000,0.000,4174.000,-378.138
-0.042,4344.000,0.000,4344.000,-211.698
-0.056,4483.000,0.000,4483.000,-82.454
-0.071,4640.000,0.000,4640.000,61.449
-0.085,4765.000,0.000,4765.000,145.695
-0.099,4881.000,0.000,4881.000,217.945
-0.114,5010.000,0.000,5010.000,297.592
-0.128,5111.000,0.000,5111.000,385.764
-0.142,5227.000,0.000,5227.000,477.464
-0.157,5322.000,0.000,5322.000,575.712
-0.171,5415.000,0.000,5415.000,642.047
-0.185,5504.000,0.000,5504.000,683.655
-0.200,5588.000,0.000,5588.000,729.689
-0.214,5657.000,0.000,5657.000,774.901
-0.229,5735.000,0.000,5735.000,823.744
-0.243,5795.000,0.000,5795.000,871.641
-0.257,5866.000,0.000,5866.000,919.771
-0.272,5920.000,0.000,5920.000,970.419
-0.286,5977.000,0.000,5977.000,1017.325
-0.300,6030.000,0.000,6030.000,1062.947
-0.315,6079.000,0.000,6079.000,1111.348
-0.329,6121.000,0.000,6121.000,1156.469
-0.343,6170.000,0.000,6170.000,1201.582
-0.358,6215.000,0.000,6215.000,1249.869
-0.372,6252.000,0.000,6252.000,1293.038
-0.386,6286.000,0.000,6286.000,1332.283
0.317,1799.000,1494.000,3293.000,-1022.250
0.302,1799.000,1484.000,3283.000,-1150.251
0.288,1802.000,1440.000,3242.000,-1176.953
0.274,1821.000,1346.000,3167.000,-1203.651
0.259,1856.000,1230.000,3086.000,-1232.257
0.245,1898.000,1084.000,2982.000,-1258.953
0.231,1945.000,940.000,2885.000,-1285.651
0.216,2015.000,790.000,2805.000,-1314.256
0.202,2075.000,664.000,2739.000,-1340.952
0.188,2141.000,540.000,2681.000,-1367.651
0.173,2217.000,432.000,2649.000,-1396.254
0.159,2304.000,348.000,2652.000,-1424.540
0.145,2390.000,268.000,2658.000,-1438.634
0.130,2489.000,208.000,2697.000,-1423.165
0.116,2609.000,160.000,2769.000,-1406.930
0.102,2708.000,124.000,2832.000,-1390.092
0.087,2830.000,84.000,2914.000,-1361.618
0.073,2952.000,64.000,3016.000,-1319.764
0.059,3077.000,46.000,3123.000,-1251.685
0.044,3227.000,26.000,3253.000,-1153.880
0.030,3378.000,8.000,3386.000,-1043.743
0.015,3578.000,0.000,3578.000,-899.090
0.001,3766.000,0.000,3766.000,-763.928
-0.013,3974.000,0.000,3974.000,-567.653
-0.028,4174.000,0.000,4174.000,-378.138
-0.042,4344.000,0.000,4344.000,-211.698
-0.056,4483.000,0.000,4483.000,-82.454
-0.071,4640.000,0.000,4640.000,61.449
-0.085,4765.000,0.000,4765.000,145.695
-0.099,4881.000,0.000,4881.000,217.945
-0.114,5010.000,0.000,5010.000,297.592
-0.128,5111.000,0.000,5111.000,385.764
-0.142,5227.000,0.000,5227.000,477.464
-0.157,5322.000,0.000,5322.000,575.712
-0.171,5415.000,0.000,5415.000,642.047
-0.185,5504.000,0.000,5504.000,683.655
-0.200,5588.000,0.000,5588.000,729.689
-0.214,5657.000,0.000,5657.000,774.901
-0.229,5735.000,0.000,5735.000,823.744
-0.243,5795.000,0.000,5795.000,871.641
-0.257,5866.000,0.000,5866.000,919.771
-0.272,5920.000,0.000,5920.000,970.419
-0.286,5977.000,0.000,5977.000,1017.325
-0.300,6030.000,0.000,6030.000,1062.947
-0.315,6079.000,0.000,6079.000,1111.348
-0.329,6121.000,0.000,6121.000,1156.469
-0.343,6170.000,0.000,6170.000,1201.582
-0.358,6215.000,0.000,6215.000,1249.869
-0.372,6252.000,0.000,6252.000,1293.038
-0.386,6286.000,0.000,6286.000,1332.283
0.309,1828.000,1494.000,3322.000,-1004.602
0.295,1828.000,1486.000,3314.000,-1130.698
0.281,1830.000,1446.000,3276.000,-1157.397
0.267,1846.000,1358.000,3204.000,-1184.096
0.253,1881.000,1244.000,3125.000,-1210.792
0.238,1921.000,1100.000,3021.000,-1239.395
0.224,1976.000,956.000,2932.000,-1266.096
0.210,2043.000,804.000,2847.000,-1292.792
0.196,2098.000,678.000,2776.000,-1319.491
0.182,2174.000,564.000,2738.000,-1346.187
0.167,2248.000,452.000,2700.000,-1375.257
0.153,2339.000,356.000,2695.000,-1403.918
0.139,2434.000,284.000,2718.000,-1423.492
0.125,2526.000,226.000,2752.000,-1410.061
0.111,2641.000,168.000,2809.000,-1393.704
0.096,2757.000,128.000,2885.000,-1374.917
0.082,2868.000,92.000,2960.000,-1348.679
0.068,2999.000,70.000,3069.000,-1298.154
0.054,3123.000,50.000,3173.000,-1220.875
0.040,3272.000,32.000,3304.000,-1123.417
0.025,3438.000,12.000,3450.000,-1005.376
0.011,3630.000,0.000,3630.000,-856.902
-0.003,3837.000,0.000,3837.000,-703.065
-0.017,4037.000,0.000,4037.000,-510.942
-0.031,4207.000,0.000,4207.000,-341.744
-0.046,4381.000,0.000,4381.000,-170.455
-0.060,4529.000,0.000,4529.000,-44.424
-0.074,4672.000,0.000,4672.000,88.893
-0.088,4792.000,0.000,4792.000,159.497
-0.102,4909.000,0.000,4909.000,233.904
-0.117,5036.000,0.000,5036.000,315.427
-0.131,5128.000,0.000,5128.000,405.391
-0.145,5241.000,0.000,5241.000,497.128
-0.159,5339.000,0.000,5339.000,588.740
-0.173,5427.000,0.000,5427.000,648.015
-0.188,5521.000,0.000,5521.000,692.521
-0.202,5602.000,0.000,5602.000,736.118
-0.216,5664.000,0.000,5664.000,781.373
-0.230,5738.000,0.000,5738.000,827.126
-0.244,5800.000,0.000,5800.000,875.078
-0.259,5876.000,0.000,5876.000,926.618
-0.273,5924.000,0.000,5924.000,973.777
-0.287,5980.000,0.000,5980.000,1020.633
-0.301,6035.000,0.000,6035.000,1066.178
-0.315,6079.000,0.000,6079.000,1111.348
-0.330,6127.000,0.000,6127.000,1159.692
-0.344,6174.000,0.000,6174.000,1204.804
-0.358,6215.000,0.000,6215.000,1249.869
-0.372,6252.000,0.000,6252.000,1293.038
-0.387,6289.000,0.000,6289.000,1334.694
0.309,1828.000,1494.000,3322.000,-1004.602
0.281,1830.000,1446.000,3276.000,-1157.397
0.253,1881.000,1244.000,3125.000,-1210.792
0.224,1976.000,956.000,2932.000,-1266.096
0.196,2098.000,678.000,2776.000,-1319.491
0.167,2248.000,452.000,2700.000,-1375.257
0.139,2434.000,284.000,2718.000,-1423.492
0.110,2648.000,168.000,2816.000,-1392.515
0.082,2868.000,92.000,2960.000,-1348.679
0.054,3123.000,50.000,3173.000,-1220.875
0.025,3438.000,12.000,3450.000,-1005.376
-0.003,3837.000,0.000,3837.000,-703.065
-0.032,4220.000,0.000,4220.000,-330.655
-0.060,4529.000,0.000,4529.000,-44.424
-0.089,4798.000,0.000,4798.000,164.621
-0.117,5036.000,0.000,5036.000,315.427
-0.146,5245.000,0.000,5245.000,503.682
-0.174,5434.000,0.000,5434.000,650.992
-0.202,5602.000,0.000,5602.000,736.118
-0.231,5740.000,0.000,5740.000,830.522
-0.259,5876.000,0.000,5876.000,926.618
-0.288,5983.000,0.000,5983.000,1023.927
-0.316,6081.000,0.000,6081.000,1114.572
-0.345,6178.000,0.000,6178.000,1208.026
-0.373,6253.000,0.000,6253.000,1296.081
0.302,1854.000,1494.000,3348.000,-989.145
0.274,1854.000,1446.000,3300.000,-1141.945
0.246,1902.000,1244.000,3146.000,-1195.341
0.218,2007.000,956.000,2963.000,-1248.736
0.189,2137.000,678.000,2815.000,-1304.035
0.161,2288.000,452.000,2740.000,-1358.739
0.133,2469.000,292.000,2761.000,-1409.712
0.105,2679.000,172.000,2851.000,-1380.064
0.077,2915.000,96.000,3011.000,-1334.264
0.049,3179.000,54.000,3233.000,-1188.510
0.021,3487.000,16.000,3503.000,-962.811
-0.007,3898.000,0.000,3898.000,-645.695
-0.036,4267.000,0.000,4267.000,-287.359
-0.064,4562.000,0.000,4562.000,-5.328
-0.092,4821.000,0.000,4821.000,180.413
-0.120,5057.000,0.000,5057.000,334.088
-0.148,5259.000,0.000,5259.000,516.790
-0.176,5452.000,0.000,5452.000,656.940
-0.204,5609.000,0.000,5609.000,742.566
-0.233,5753.000,0.000,5753.000,837.339
-0.261,5885.000,0.000,5885.000,933.420
-0.289,5986.000,0.000,5986.000,1027.204
-0.317,6085.000,0.000,6085.000,1117.796
-0.345,6178.000,0.000,6178.000,1208.026
-0.373,6253.000,0.000,6253.000,1296.081
0.302,1854.000,1494.000,3348.000,-989.145
0.274,1854.000,1446.000,3300.000,-1141.945
0.246,1902.000,1244.000,3146.000,-1195.341
0.218,2007.000,956.000,2963.000,-1248.736
0.189,2137.000,678.000,2815.000,-1304.035
0.161,2288.000,452.000,2740.000,-1358.739
0.133,2469.000,292.000,2761.000,-1409.712
0.105,2679.000,172.000,2851.000,-1380.064
0.077,2915.000,96.000,3011.000,-1334.264
0.049,3179.000,54.000,3233.000,-1188.510
0.021,3487.000,16.000,3503.000,-962.811
-0.007,3898.000,0.000,3898.000,-645.695
-0.036,4267.000,0.000,4267.000,-287.359
-0.064,4562.000,0.000,4562.000,-5.328
-0.092,4821.000,0.000,4821.000,180.413
-0.120,5057.000,0.000,5057.000,334.088
-0.148,5259.000,0.000,5259.000,516.790
-0.176,5452.000,0.000,5452.000,656.940
-0.204,5609.000,0.000,5609.000,742.566
-0.233,5753.000,0.000,5753.000,837.339
-0.261,5885.000,0.000,5885.000,933.420
-0.289,5986.000,0.000,5986.000,1027.204
-0.317,6085.000,0.000,6085.000,1117.796
-0.345,6178.000,0.000,6178.000,1208.026
-0.373,6253.000,0.000,6253.000,1296.081
0.295,1872.000,1494.000,3366.000,-973.679
0.267,1875.000,1446.000,3321.000,-1126.475
0.239,1927.000,1244.000,3171.000,-1179.868
0.211,2043.000,956.000,2999.000,-1233.265
0.183,2170.000,692.000,2862.000,-1286.659
0.155,2330.000,462.000,2792.000,-1342.203
0.128,2504.000,300.000,2804.000,-1396.306
0.100,2716.000,178.000,2894.000,-1367.355
0.072,2961.000,104.000,3065.000,-1315.606
0.044,3227.000,56.000,3283.000,-1153.830
0.016,3562.000,18.000,3580.000,-909.723
-0.012,3962.000,0.000,3962.000,-582.674
-0.039,4310.000,0.000,4310.000,-246.303
-0.067,4595.000,0.000,4595.000,23.284
-0.095,4858.000,0.000,4858.000,196.434
-0.123,5078.000,0.000,5078.000,353.306
-0.151,5281.000,0.000,5281.000,536.448
-0.179,5471.000,0.000,5471.000,665.855
-0.206,5615.000,0.000,5615.000,749.025
-0.234,5758.000,0.000,5758.000,840.757
-0.262,5891.000,0.000,5891.000,936.799
-0.290,5993.000,0.000,5993.000,1030.477
-0.318,6087.000,0.000,6087.000,1121.018
-0.346,6181.000,0.000,6181.000,1211.248
-0.374,6254.000,0.000,6254.000,1299.113
0.295,1872.000,1494.000,3366.000,-973.677
0.267,1875.000,1446.000,3321.000,-1126.475
0.239,1927.000,1244.000,3171.000,-1179.868
0.211,2043.000,956.000,2999.000,-1233.265
0.183,2170.000,692.000,2862.000,-1286.659
0.155,2330.000,462.000,2792.000,-1342.203
0.128,2504.000,300.000,2804.000,-1396.306
0.100,2716.000,178.000,2894.000,-1367.355
0.072,2961.000,104.000,3065.000,-1315.606
0.044,3227.000,56.000,3283.000,-1153.830
0.016,3562.000,18.000,3580.000,-909.723
-0.012,3962.000,0.000,3962.000,-582.674
-0.039,4310.000,0.000,4310.000,-246.303
-0.067,4595.000,0.000,4595.000,23.284
-0.095,4858.000,0.000,4858.000,196.434
-0.123,5078.000,0.000,5078.000,353.306
-0.151,5281.000,0.000,5281.000,536.448
-0.179,5471.000,0.000,5471.000,665.855
-0.206,5615.000,0.000,5615.000,749.025
-0.234,5758.000,0.000,5758.000,840.757
-0.262,5891.000,0.000,5891.000,936.799
-0.290,5993.000,0.000,5993.000,1030.477
-0.318,6087.000,0.000,6087.000,1121.018
-0.346,6181.000,0.000,6181.000,1211.248
-0.374,6254.000,0.000,6254.000,1299.113
0.287,1901.000,1494.000,3395.000,-955.943
0.260,1903.000,1446.000,3349.000,-1106.835
0.232,1956.000,1244.000,3200.000,-1160.229
0.205,2064.000,972.000,3036.000,-1211.718
0.177,2199.000,706.000,2905.000,-1265.112
0.150,2355.000,482.000,2837.000,-1319.450
0.122,2548.000,308.000,2856.000,-1375.983
0.094,2776.000,184.000,2960.000,-1351.963
0.067,3006.000,112.000,3118.000,-1292.222
0.039,3282.000,60.000,3342.000,-1115.357
0.012,3617.000,24.000,3641.000,-867.260
-0.016,4020.000,0.000,4020.000,-524.781
-0.043,4357.000,0.000,4357.000,-201.022
-0.071,4640.000,0.000,4640.000,61.449
-0.098,4878.000,0.000,4878.000,212.540
-0.126,5097.000,0.000,5097.000,372.704
-0.153,5295.000,0.000,5295.000,549.548
-0.181,5477.000,0.000,5477.000,671.795
-0.209,5627.000,0.000,5627.000,758.724
-0.236,5765.000,0.000,5765.000,847.607
-0.264,5898.000,0.000,5898.000,943.537
-0.291,5998.000,0.000,5998.000,1033.742
-0.319,6089.000,0.000,6089.000,1124.241
-0.346,6181.000,0.000,6181.000,1211.248
-0.374,6254.000,0.000,6254.000,1299.113
0.287,1901.000,1494.000,3395.000,-955.943
0.260,1903.000,1446.000,3349.000,-1106.835
0.232,1956.000,1244.000,3200.000,-1160.229
0.205,2064.000,972.000,3036.000,-1211.718
0.177,2199.000,706.000,2905.000,-1265.112
0.150,2355.000,482.000,2837.000,-1319.450
0.122,2548.000,308.000,2856.000,-1375.983
0.094,2776.000,184.000,2960.000,-1351.963
0.067,3006.000,112.000,3118.000,-1292.222
0.039,3282.000,60.000,3342.000,-1115.357
0.012,3617.000,24.000,3641.000,-867.260
-0.016,4020.000,0.000,4020.000,-524.781
-0.043,4357.000,0.000,4357.000,-201.022
-0.071,4640.000,0.000,4640.000,61.449
-0.098,4878.000,0.000,4878.000,212.540
-0.126,5097.000,0.000,5097.000,372.704
-0.153,5295.000,0.000,5295.000,549.548
-0.181,5477.000,0.000,5477.000,671.795
-0.209,5627.000,0.000,5627.000,758.724
-0.236,5765.000,0.000,5765.000,847.607
-0.264,5898.000,0.000,5898.000,943.537
-0.291,5998.000,0.000,5998.000,1033.742
-0.319,6089.000,0.000,6089.000,1124.241
-0.346,6181.000,0.000,6181.000,1211.248
-0.374,6254.000,0.000,6254.000,1299.113
0.280,1931.000,1494.000,3425.000,-940.301
0.253,1934.000,1446.000,3380.000,-1091.193
0.225,1995.000,1244.000,3239.000,-1144.588
0.198,2096.000,972.000,3068.000,-1196.077
0.171,2227.000,720.000,2947.000,-1247.572
0.144,2397.000,482.000,2879.000,-1302.744
0.116,2609.000,316.000,2925.000,-1359.446
0.089,2817.000,196.000,3013.000,-1338.454
0.062,3051.000,116.000,3167.000,-1265.691
0.035,3327.000,64.000,3391.000,-1082.225
0.007,3678.000,26.000,3704.000,-816.758
-0.020,4073.000,0.000,4073.000,-473.916
-0.047,4393.000,0.000,4393.000,-161.020
-0.074,4672.000,0.000,4672.000,88.893
-0.102,4909.000,0.000,4909.000,233.904
-0.129,5117.000,0.000,5117.000,392.304
-0.156,5318.000,0.000,5318.000,569.179
-0.183,5493.000,0.000,5493.000,677.731
-0.211,5646.000,0.000,5646.000,765.193
-0.238,5771.000,0.000,5771.000,854.467
-0.265,5902.000,0.000,5902.000,946.902
-0.292,6003.000,0.000,6003.000,1037.002
-0.320,6090.000,0.000,6090.000,1127.464
-0.347,6185.000,0.000,6185.000,1214.469
-0.374,6254.000,0.000,6254.000,1299.113
0.280,1931.000,1494.000,3425.000,-940.301
0.253,1934.000,1446.000,3380.000,-1091.193
0.225,1995.000,1244.000,3239.000,-1144.588
0.198,2096.000,972.000,3068.000,-1196.077
0.171,2227.000,720.000,2947.000,-1247.572
0.144,2397.000,482.000,2879.000,-1302.744
0.116,2609.000,316.000,2925.000,-1359.446
0.089,2817.000,196.000,3013.000,-1338.454
0.062,3051.000,116.000,3167.000,-1265.691
0.035,3327.000,64.000,3391.000,-1082.225
0.007,3678.000,26.000,3704.000,-816.758
-0.020,4073.000,0.000,4073.000,-473.916
-0.047,4393.000,0.000,4393.000,-161.020
-0.074,4672.000,0.000,4672.000,88.893
-0.102,4909.000,0.000,4909.000,233.904
-0.129,5117.000,0.000,5117.000,392.304
-0.156,5318.000,0.000,5318.000,569.179
-0.183,5493.000,0.000,5493.000,677.731
-0.211,5646.000,0.000,5646.000,765.193
-0.238,5771.000,0.000,5771.000,854.467
-0.265,5902.000,0.000,5902.000,946.902
-0.292,6003.000,0.000,6003.000,1037.002
-0.320,6090.000,0.000,6090.000,1127.464
-0.347,6185.000,0.000,6185.000,1214.469
-0.374,6254.000,0.000,6254.000,1299.113
0.272,1960.000,1494.000,3454.000,-921.871
0.246,1964.000,1452.000,3416.000,-1070.859
0.219,2020.000,1272.000,3292.000,-1122.348
0.192,2122.000,1004.000,3126.000,-1173.835
0.165,2256.000,734.000,2990.000,-1226.070
0.138,2443.000,504.000,2947.000,-1281.343
0.111,2641.000,332.000,2973.000,-1336.544
0.084,2851.000,208.000,3059.000,-1323.219
0.057,3090.000,124.000,3214.000,-1233.207
0.030,3378.000,68.000,3446.000,-1043.641
0.003,3733.000,32.000,3765.000,-784.250
-0.024,4124.000,0.000,4124.000,-426.257
-0.051,4428.000,0.000,4428.000,-127.886
-0.078,4705.000,0.000,4705.000,112.155
-0.105,4936.000,0.000,4936.000,249.445
-0.132,5139.000,0.000,5139.000,411.937
-0.159,5339.000,0.000,5339.000,588.740
-0.186,5511.000,0.000,5511.000,686.610
-0.213,5654.000,0.000,5654.000,771.665
-0.240,5783.000,0.000,5783.000,861.333
-0.267,5908.000,0.000,5908.000,953.625
-0.294,6014.000,0.000,6014.000,1043.510
-0.320,6090.000,0.000,6090.000,1127.464
-0.347,6185.000,0.000,6185.000,1214.469
-0.374,6254.000,0.000,6254.000,1299.113
0.272,1960.000,1494.000,3454.000,-921.871
0.232,1978.000,1368.000,3346.000,-1097.557
0.191,2128.000,988.000,3116.000,-1175.744
0.151,2352.000,600.000,2952.000,-1254.729
0.110,2648.000,324.000,2972.000,-1338.408
0.070,2987.000,156.000,3143.000,-1289.091
0.029,3391.000,66.000,3457.000,-1036.034
-0.011,3940.000,12.000,3952.000,-599.260
-0.052,4442.000,0.000,4442.000,-120.186
-0.092,4821.000,0.000,4821.000,180.413
-0.133,5154.000,0.000,5154.000,418.484
-0.173,5427.000,0.000,5427.000,648.015
-0.214,5657.000,0.000,5657.000,774.901
-0.254,5850.000,0.000,5850.000,909.462
-0.295,6015.000,0.000,6015.000,1046.758
-0.335,6142.000,0.000,6142.000,1175.804
-0.376,6263.000,0.000,6263.000,1305.154
0.251,2041.000,1494.000,3535.000,-865.134
0.211,2070.000,1378.000,3448.000,-1040.816
0.171,2231.000,1004.000,3235.000,-1117.101
0.131,2483.000,612.000,3095.000,-1198.883
0.091,2799.000,340.000,3139.000,-1279.897
0.051,3147.000,164.000,3311.000,-1174.555
0.011,3630.000,70.000,3700.000,-856.770
-0.029,4184.000,18.000,4202.000,-364.509
-0.069,4610.000,0.000,4610.000,42.239
-0.110,4982.000,0.000,4982.000,275.807
-0.150,5274.000,0.000,5274.000,529.896
-0.190,5538.000,0.000,5538.000,698.434
-0.230,5738.000,0.000,5738.000,827.126
-0.270,5914.000,0.000,5914.000,963.704
-0.310,6062.000,0.000,6062.000,1095.226
-0.350,6190.000,0.000,6190.000,1224.131
-0.390,6299.000,0.000,6299.000,1341.793
0.237,2099.000,1494.000,3593.000,-825.932
0.197,2129.000,1368.000,3497.000,-1001.616
0.157,2319.000,1004.000,3323.000,-1079.760
0.117,2601.000,612.000,3213.000,-1161.617
0.077,2915.000,340.000,3255.000,-1237.046
0.037,3306.000,164.000,3470.000,-1070.491
-0.003,3837.000,70.000,3907.000,-702.912
-0.043,4357.000,16.000,4373.000,-200.961
-0.083,4751.000,0.000,4751.000,136.020
-0.124,5086.000,0.000,5086.000,359.739
-0.164,5370.000,0.000,5370.000,618.970
-0.204,5609.000,0.000,5609.000,742.566
-0.244,5800.000,0.000,5800.000,875.078
-0.284,5973.000,0.000,5973.000,1010.663
-0.324,6103.000,0.000,6103.000,1140.356
-0.364,6234.000,0.000,6234.000,1268.593
0.256,2023.000,1494.000,3517.000,-878.913
0.216,2050.000,1368.000,3418.000,-1054.595
0.176,2205.000,1004.000,3209.000,-1130.873
0.137,2448.000,624.000,3072.000,-1209.916
0.097,2750.000,340.000,3090.000,-1291.542
0.058,3085.000,168.000,3253.000,-1218.143
0.018,3534.000,72.000,3606.000,-930.900
-0.022,4098.000,20.000,4118.000,-451.977
-0.061,4541.000,0.000,4541.000,-34.340
-0.101,4902.000,0.000,4902.000,228.685
-0.140,5211.000,0.000,5211.000,464.354
-0.180,5474.000,0.000,5474.000,668.826
-0.220,5686.000,0.000,5686.000,794.298
-0.259,5876.000,0.000,5876.000,926.618
-0.299,6026.000,0.000,6026.000,1059.714
-0.339,6153.000,0.000,6153.000,1188.693
-0.378,6270.000,0.000,6270.000,1311.158
0.242,2079.000,1494.000,3573.000,-840.080
0.202,2107.000,1378.000,3485.000,-1015.758
0.163,2275.000,1020.000,3295.000,-1091.156
0.123,2540.000,624.000,3164.000,-1173.037
0.083,2859.000,340.000,3199.000,-1252.228
0.044,3227.000,168.000,3395.000,-1123.013
0.004,3712.000,72.000,3784.000,-792.276
-0.035,4253.000,20.000,4273.000,-298.076
-0.075,4680.000,0.000,4680.000,96.277
-0.115,5021.000,0.000,5021.000,303.443
-0.154,5300.000,0.000,5300.000,556.096
-0.194,5563.000,0.000,5563.000,710.629
-0.234,5758.000,0.000,5758.000,840.757
-0.273,5924.000,0.000,5924.000,973.777
-0.313,6074.000,0.000,6074.000,1104.901
-0.352,6200.000,0.000,6200.000,1230.569
-0.392,6304.000,0.000,6304.000,1346.445
0.221,2178.000,1494.000,3672.000,-780.458
0.182,2213.000,1378.000,3591.000,-954.232
0.143,2408.000,1020.000,3428.000,-1032.434
0.103,2697.000,624.000,3321.000,-1114.204
0.064,3032.000,348.000,3380.000,-1162.142
0.025,3438.000,178.000,3616.000,-971.694
-0.014,3992.000,78.000,4070.000,-553.108
-0.053,4457.000,26.000,4483.000,-109.977
-0.092,4821.000,0.000,4821.000,180.413
-0.132,5139.000,0.000,5139.000,411.937
-0.171,5415.000,0.000,5415.000,642.047
-0.210,5637.000,0.000,5637.000,761.959
-0.249,5823.000,0.000,5823.000,892.269
-0.288,5983.000,0.000,5983.000,1023.927
-0.328,6120.000,0.000,6120.000,1153.247
-0.367,6238.000,0.000,6238.000,1277.781
0.246,2064.000,1494.000,3558.000,-851.281
0.207,2087.000,1378.000,3465.000,-1025.060
0.168,2245.000,1020.000,3265.000,-1099.756
0.129,2500.000,636.000,3136.000,-1179.592
0.090,2809.000,356.000,3165.000,-1258.436
0.051,3147.000,178.000,3325.000,-1167.951
0.011,3630.000,76.000,3706.000,-856.759
-0.028,4174.000,24.000,4198.000,-378.062
-0.067,4595.000,0.000,4595.000,23.284
-0.106,4948.000,0.000,4948.000,254.690
-0.145,5241.000,0.000,5241.000,497.128
-0.185,5504.000,0.000,5504.000,683.655
-0.224,5719.000,0.000,5719.000,807.206
-0.263,5893.000,0.000,5893.000,940.169
-0.302,6037.000,0.000,6037.000,1069.409
-0.341,6161.000,0.000,6161.000,1195.138
-0.380,6276.000,0.000,6276.000,1316.926
0.226,2145.000,1494.000,3639.000,-794.737
0.187,2184.000,1378.000,3562.000,-968.515
0.148,2371.000,1020.000,3391.000,-1046.015
0.109,2659.000,636.000,3295.000,-1125.784
0.071,2976.000,364.000,3340.000,-1188.036
0.032,3359.000,184.000,3543.000,-1022.731
-0.007,3898.000,80.000,3978.000,-645.527
-0.046,4381.000,28.000,4409.000,-170.375
-0.084,4759.000,0.000,4759.000,140.900
-0.123,5078.000,0.000,5078.000,353.306
-0.162,5357.000,0.000,5357.000,607.991
-0.201,5593.000,0.000,5593.000,732.900
-0.239,5778.000,0.000,5778.000,857.899
-0.278,5944.000,0.000,5944.000,990.561
-0.317,6085.000,0.000,6085.000,1117.796
-0.355,6206.000,0.000,6206.000,1240.220
-0.394,6310.000,0.000,6310.000,1350.901
0.212,2224.000,1494.000,3718.000,-753.645
0.173,2260.000,1378.000,3638.000,-927.418
0.134,2469.000,1020.000,3489.000,-1006.881
0.096,2758.000,650.000,3408.000,-1084.349
0.057,3090.000,364.000,3454.000,-1108.924
0.018,3534.000,184.000,3718.000,-893.584
-0.020,4073.000,82.000,4155.000,-473.762
-0.059,4523.000,30.000,4553.000,-54.498
-0.098,4878.000,0.000,4878.000,212.540
-0.137,5183.000,0.000,5183.000,444.690
-0.175,5441.000,0.000,5441.000,653.967
-0.214,5657.000,0.000,5657.000,774.901
-0.253,5846.000,0.000,5846.000,906.023
-0.292,6003.000,0.000,6003.000,1037.002
-0.330,6127.000,0.000,6127.000,1159.692
-0.369,6243.000,0.000,6243.000,1283.889
0.230,2132.000,1494.000,3626.000,-806.106
0.192,2157.000,1388.000,3545.000,-977.970
0.153,2343.000,1036.000,3379.000,-1054.771
0.115,2615.000,650.000,3265.000,-1132.523
0.077,2915.000,372.000,3287.000,-1203.866
0.038,3294.000,190.000,3484.000,-1068.438
0.000,3785.000,84.000,3869.000,-748.562
-0.038,4297.000,32.000,4329.000,-261.076
-0.076,4689.000,0.000,4689.000,102.330
-0.115,5021.000,0.000,5021.000,303.443
-0.153,5295.000,0.000,5295.000,549.548
-0.191,5544.000,0.000,5544.000,701.410
-0.230,5738.000,0.000,5738.000,827.126
-0.268,5911.000,0.000,5911.000,956.985
-0.306,6048.000,0.000,6048.000,1082.321
-0.344,6174.000,0.000,6174.000,1204.804
-0.383,6280.000,0.000,6280.000,1324.850
0.210,2232.000,1494.000,3726.000,-746.917
0.159,2327.000,1286.000,3613.000,-945.161
0.108,2664.000,776.000,3440.000,-1049.490
0.057,3090.000,372.000,3462.000,-1098.382
0.006,3689.000,152.000,3841.000,-783.455
-0.045,4377.000,50.000,4427.000,-180.026
-0.096,4869.000,0.000,4869.000,201.785
-0.147,5252.000,0.000,5252.000,510.236
-0.198,5579.000,0.000,5579.000,723.292
-0.249,5823.000,0.000,5823.000,892.269
-0.300,6030.000,0.000,6030.000,1062.947
-0.352,6200.000,0.000,6200.000,1230.569
0.228,2140.000,1494.000,3634.000,-800.425
0.178,2212.000,1298.000,3510.000,-995.176
0.127,2513.000,790.000,3303.000,-1098.501
0.077,2915.000,392.000,3307.000,-1194.375
0.026,3429.000,160.000,3589.000,-987.635
-0.024,4124.000,54.000,4178.000,-426.158
-0.075,4680.000,0.000,4680.000,96.287
-0.125,5093.000,0.000,5093.000,366.200
-0.175,5441.000,0.000,5441.000,653.967
-0.226,5725.000,0.000,5725.000,813.723
-0.276,5938.000,0.000,5938.000,983.848
-0.327,6117.000,0.000,6117.000,1150.024
-0.377,6266.000,0.000,6266.000,1308.162
0.203,2267.000,1494.000,3761.000,-718.209
0.152,2364.000,1286.000,3650.000,-917.437
0.102,2710.000,790.000,3500.000,-1019.666
0.052,3140.000,392.000,3532.000,-1047.175
0.001,3766.000,160.000,3926.000,-728.226
-0.049,4409.000,54.000,4463.000,-142.484
-0.100,4896.000,0.000,4896.000,223.339
-0.150,5274.000,0.000,5274.000,529.896
-0.201,5593.000,0.000,5593.000,732.900
-0.251,5831.000,0.000,5831.000,899.147
-0.302,6037.000,0.000,6037.000,1069.409
-0.352,6200.000,0.000,6200.000,1230.569
0.221,2178.000,1494.000,3672.000,-780.458
0.171,2249.000,1298.000,3547.000,-975.216
0.121,2560.000,790.000,3350.000,-1077.460
0.071,2976.000,392.000,3368.000,-1164.220
0.021,3487.000,164.000,3651.000,-934.420
-0.029,4184.000,58.000,4242.000,-364.441
-0.078,4705.000,0.000,4705.000,112.173
-0.128,5111.000,0.000,5111.000,385.764
-0.178,5462.000,0.000,5462.000,662.885
-0.228,5732.000,0.000,5732.000,820.378
-0.278,5944.000,0.000,5944.000,990.561
-0.328,6120.000,0.000,6120.000,1153.247
-0.378,6270.000,0.000,6270.000,1311.158
0.196,2300.000,1494.000,3794.000,-686.717
0.146,2404.000,1298.000,3702.000,-884.880
0.096,2760.000,804.000,3564.000,-986.914
0.046,3208.000,392.000,3600.000,-989.303
-0.004,3853.000,164.000,4017.000,-639.007
-0.053,4457.000,58.000,4515.000,-109.920
-0.103,4923.000,0.000,4923.000,239.084
-0.153,5295.000,0.000,5295.000,549.548
-0.203,5605.000,0.000,5605.000,739.340
-0.253,5846.000,0.000,5846.000,906.023
-0.303,6038.000,0.000,6038.000,1072.637
-0.353,6202.000,0.000,6202.000,1233.786
0.213,2219.000,1494.000,3713.000,-756.817
0.164,2292.000,1310.000,3602.000,-950.547
0.115,2616.000,818.000,3434.000,-1050.819
0.066,3012.000,412.000,3424.000,-1124.213
0.016,3562.000,172.000,3734.000,-876.570
-0.033,4231.000,62.000,4293.000,-319.572
-0.082,4740.000,0.000,4740.000,131.184
-0.131,5128.000,0.000,5128.000,405.391
-0.181,5477.000,0.000,5477.000,671.795
-0.230,5738.000,0.000,5738.000,827.126
-0.279,5947.000,0.000,5947.000,993.917
-0.329,6121.000,0.000,6121.000,1156.469
-0.378,6270.000,0.000,6270.000,1311.158
0.189,2342.000,1494.000,3836.000,-651.601
0.139,2455.000,1298.000,3753.000,-850.743
0.090,2812.000,804.000,3616.000,-950.056
0.041,3260.000,402.000,3662.000,-928.285
-0.008,3908.000,172.000,4080.000,-565.742
-0.058,4509.000,62.000,4571.000,-64.549
-0.107,4959.000,0.000,4959.000,259.984
-0.156,5318.000,0.000,5318.000,569.179
-0.205,5613.000,0.000,5613.000,745.794
-0.255,5856.000,0.000,5856.000,912.900
-0.304,6042.000,0.000,6042.000,1075.866
-0.353,6202.000,0.000,6202.000,1233.786
0.206,2251.000,1494.000,3745.000,-730.921
0.157,2340.000,1310.000,3650.000,-925.630
0.109,2660.000,818.000,3478.000,-1023.826
0.060,3066.000,422.000,3488.000,-1080.024
0.011,3630.000,178.000,3808.000,-815.679
-0.037,4279.000,66.000,4345.000,-275.705
-0.086,4776.000,2.000,4778.000,150.285
-0.135,5167.000,0.000,5167.000,431.583
-0.183,5493.000,0.000,5493.000,677.731
-0.232,5748.000,0.000,5748.000,833.927
-0.281,5952.000,0.000,5952.000,1000.625
-0.329,6121.000,0.000,6121.000,1156.469
-0.378,6270.000,0.000,6270.000,1311.158
0.182,2388.000,1494.000,3882.000,-615.714
0.133,2492.000,1310.000,3802.000,-813.787
0.084,2854.000,818.000,3672.000,-911.937
0.036,3318.000,422.000,3740.000,-862.307
-0.013,3975.000,178.000,4153.000,-486.166
-0.062,4549.000,66.000,4615.000,-24.366
-0.110,4982.000,2.000,4984.000,275.842
-0.159,5339.000,0.000,5339.000,588.740
-0.208,5622.000,0.000,5622.000,755.490
-0.256,5861.000,0.000,5861.000,916.337
-0.305,6045.000,0.000,6045.000,1079.094
-0.354,6203.000,0.000,6203.000,1237.002
0.199,2291.000,1494.000,3785.000,-700.747
0.151,2376.000,1310.000,3686.000,-894.394
0.102,2713.000,818.000,3531.000,-994.578
0.054,3124.000,432.000,3556.000,-1025.848
0.006,3690.000,184.000,3874.000,-755.375
-0.042,4344.000,70.000,4414.000,-211.548
-0.090,4808.000,4.000,4812.000,169.874
-0.138,5192.000,0.000,5192.000,451.245
-0.186,5511.000,0.000,5511.000,686.610
-0.234,5758.000,0.000,5758.000,840.757
-0.282,5960.000,0.000,5960.000,1003.974
-0.330,6127.000,0.000,6127.000,1159.692
-0.378,6270.000,0.000,6270.000,1311.158
0.169,2457.000,1494.000,3951.000,-548.049
0.108,2676.000,1202.000,3878.000,-771.840
0.048,3192.000,612.000,3804.000,-803.017
-0.012,3963.000,238.000,4201.000,-452.306
-0.072,4649.000,70.000,4719.000,71.221
-0.132,5139.000,0.000,5139.000,411.951
-0.192,5551.000,0.000,5551.000,704.437
-0.253,5846.000,0.000,5846.000,906.023
-0.313,6074.000,0.000,6074.000,1104.901
-0.373,6253.000,0.000,6253.000,1296.081
0.161,2519.000,1494.000,4013.000,-507.005
0.102,2721.000,1216.000,3937.000,-726.651
0.043,3237.000,624.000,3861.000,-734.241
-0.017,4038.000,244.000,4282.000,-363.773
-0.076,4689.000,74.000,4763.000,102.487
-0.136,5177.000,0.000,5177.000,438.159
-0.195,5569.000,0.000,5569.000,713.770
-0.254,5850.000,0.000,5850.000,909.462
-0.314,6076.000,0.000,6076.000,1108.125
-0.373,6253.000,0.000,6253.000,1296.081
0.161,2519.000,1494.000,4013.000,-507.005
0.102,2721.000,1216.000,3937.000,-726.651
0.043,3237.000,624.000,3861.000,-734.241
-0.017,4038.000,244.000,4282.000,-363.773
-0.076,4689.000,74.000,4763.000,102.487
-0.136,5177.000,0.000,5177.000,438.159
-0.195,5569.000,0.000,5569.000,713.770
-0.254,5850.000,0.000,5850.000,909.462
-0.314,6076.000,0.000,6076.000,1108.125
-0.373,6253.000,0.000,6253.000,1296.081
0.154,2567.000,1494.000,4061.000,-470.837
0.096,2769.000,1230.000,3999.000,-688.239
0.037,3307.000,636.000,3943.000,-664.997
-0.022,4099.000,256.000,4355.000,-292.660
-0.080,4721.000,78.000,4799.000,121.804
-0.139,5203.000,0.000,5203.000,457.832
-0.198,5579.000,0.000,5579.000,723.292
-0.256,5861.000,0.000,5861.000,916.337
-0.315,6079.000,0.000,6079.000,1111.348
-0.374,6254.000,0.000,6254.000,1299.113
0.154,2567.000,1494.000,4061.000,-470.836
0.096,2769.000,1230.000,3999.000,-688.239
0.037,3307.000,636.000,3943.000,-664.997
-0.022,4099.000,256.000,4355.000,-292.660
-0.080,4721.000,78.000,4799.000,121.804
-0.139,5203.000,0.000,5203.000,457.832
-0.198,5579.000,0.000,5579.000,723.292
-0.256,5861.000,0.000,5861.000,916.337
-0.315,6079.000,0.000,6079.000,1111.348
-0.374,6254.000,0.000,6254.000,1299.113
0.147,2616.000,1494.000,4110.000,-434.549
0.090,2823.000,1230.000,4053.000,-649.232
0.032,3360.000,664.000,4024.000,-599.001
-0.026,4143.000,268.000,4411.000,-230.773
-0.084,4759.000,82.000,4841.000,141.073
-0.142,5227.000,4.000,5231.000,477.505
-0.200,5588.000,0.000,5588.000,729.689
-0.258,5875.000,0.000,5875.000,923.199
-0.316,6081.000,0.000,6081.000,1114.572
-0.374,6254.000,0.000,6254.000,1299.113
0.147,2616.000,1494.000,4110.000,-434.549
0.090,2823.000,1230.000,4053.000,-649.232
0.032,3360.000,664.000,4024.000,-599.001
-0.026,4143.000,268.000,4411.000,-230.773
-0.084,4759.000,82.000,4841.000,141.073
-0.142,5227.000,4.000,5231.000,477.505
-0.200,5588.000,0.000,5588.000,729.689
-0.258,5875.000,0.000,5875.000,923.199
-0.316,6081.000,0.000,6081.000,1114.572
-0.374,6254.000,0.000,6254.000,1299.113
0.140,2668.000,1494.000,4162.000,-398.167
0.083,2874.000,1230.000,4104.000,-611.146
0.026,3430.000,664.000,4094.000,-531.902
-0.031,4208.000,276.000,4484.000,-159.528
-0.088,4792.000,88.000,4880.000,159.677
-0.146,5245.000,8.000,5253.000,503.730
-0.203,5605.000,0.000,5605.000,739.340
-0.260,5881.000,0.000,5881.000,930.026
-0.317,6085.000,0.000,6085.000,1117.796
-0.374,6254.000,0.000,6254.000,1299.113
0.140,2668.000,1494.000,4162.000,-398.167
0.083,2874.000,1230.000,4104.000,-611.146
0.026,3430.000,664.000,4094.000,-531.902
-0.031,4208.000,276.000,4484.000,-159.528
-0.088,4792.000,88.000,4880.000,159.677
-0.146,5245.000,8.000,5253.000,503.730
-0.203,5605.000,0.000,5605.000,739.340
-0.260,5881.000,0.000,5881.000,930.026
-0.317,6085.000,0.000,6085.000,1117.796
-0.374,6254.000,0.000,6254.000,1299.113
0.133,2719.000,1494.000,4213.000,-361.699
0.077,2933.000,1244.000,4177.000,-568.848
0.021,3489.000,678.000,4167.000,-455.057
-0.036,4268.000,292.000,4560.000,-95.996
-0.092,4821.000,96.000,4917.000,180.599
-0.149,5268.000,14.000,5282.000,523.401
-0.205,5613.000,0.000,5613.000,745.794
-0.262,5891.000,0.000,5891.000,936.799
-0.318,6087.000,0.000,6087.000,1121.018
-0.375,6257.000,0.000,6257.000,1302.137
0.128,2755.000,1494.000,4249.000,-335.648
0.060,3074.000,1132.000,4206.000,-529.673
-0.009,3920.000,482.000,4402.000,-224.063
-0.077,4702.000,148.000,4850.000,165.980
-0.145,5241.000,26.000,5267.000,497.205
-0.213,5654.000,0.000,5654.000,771.665
-0.281,5952.000,0.000,5952.000,1000.625
-0.349,6188.000,0.000,6188.000,1220.911
0.141,2660.000,1494.000,4154.000,-403.374
0.074,2951.000,1132.000,4083.000,-629.393
0.006,3690.000,492.000,4182.000,-432.183
-0.061,4541.000,156.000,4697.000,35.056
-0.128,5111.000,32.000,5143.000,385.851
-0.195,5569.000,0.000,5569.000,713.770
-0.262,5891.000,0.000,5891.000,936.799
-0.329,6121.000,0.000,6121.000,1156.469
-0.397,6319.000,0.000,6319.000,1357.138
0.094,3036.000,1494.000,4530.000,-156.544
0.027,3423.000,1146.000,4569.000,-200.843
-0.041,4330.000,492.000,4822.000,208.618
-0.108,4970.000,160.000,5130.000,334.632
-0.175,5441.000,32.000,5473.000,654.054
-0.242,5792.000,0.000,5792.000,868.204
-0.309,6059.000,0.000,6059.000,1092.000
-0.376,6263.000,0.000,6263.000,1305.154
0.107,2926.000,1494.000,4420.000,-225.883
0.041,3268.000,1146.000,4414.000,-337.286
-0.025,4138.000,516.000,4654.000,35.709
-0.092,4821.000,164.000,4985.000,260.574
-0.158,5332.000,36.000,5368.000,582.330
-0.224,5719.000,0.000,5719.000,807.206
-0.291,5998.000,0.000,5998.000,1033.742
-0.357,6213.000,0.000,6213.000,1246.653
0.127,2763.000,1494.000,4257.000,-330.436
0.061,3068.000,1146.000,4214.000,-523.728
-0.006,3878.000,504.000,4382.000,-240.581
-0.072,4649.000,164.000,4813.000,151.232
-0.138,5192.000,38.000,5230.000,451.341
-0.204,5609.000,0.000,5609.000,742.566
-0.271,5919.000,0.000,5919.000,967.062
-0.337,6146.000,0.000,6146.000,1182.249
0.139,2679.000,1494.000,4173.000,-392.958
0.074,2952.000,1160.000,4112.000,-614.881
0.009,3653.000,540.000,4193.000,-430.347
-0.057,4498.000,178.000,4676.000,17.226
-0.122,5071.000,42.000,5113.000,346.989
-0.187,5516.000,0.000,5516.000,689.566
-0.253,5846.000,0.000,5846.000,906.023
-0.318,6087.000,0.000,6087.000,1121.018
-0.384,6281.000,0.000,6281.000,1327.369
0.094,3036.000,1494.000,4530.000,-156.546
0.028,3416.000,1146.000,4562.000,-203.575
-0.037,4279.000,528.000,4807.000,184.084
-0.102,4909.000,178.000,5087.000,324.832
-0.168,5398.000,42.000,5440.000,633.092
-0.233,5753.000,0.000,5753.000,837.339
-0.299,6026.000,0.000,6026.000,1059.714
-0.364,6234.000,0.000,6234.000,1268.593
0.106,2933.000,1494.000,4427.000,-220.566
0.042,3256.000,1174.000,4430.000,-332.905
-0.023,4116.000,540.000,4656.000,30.652
-0.087,4784.000,190.000,4974.000,256.427
-0.152,5287.000,46.000,5333.000,543.111
-0.216,5664.000,0.000,5664.000,781.373
-0.281,5952.000,0.000,5952.000,1000.625
-0.345,6178.000,0.000,6178.000,1208.026
0.126,2771.000,1494.000,4265.000,-325.225
0.061,3069.000,1160.000,4229.000,-516.471
-0.003,3838.000,540.000,4378.000,-262.115
-0.068,4602.000,184.000,4786.000,130.867
-0.132,5139.000,46.000,5185.000,412.048
-0.197,5576.000,0.000,5576.000,720.106
-0.261,5885.000,0.000,5885.000,933.420
-0.326,6114.000,0.000,6114.000,1146.801
-0.390,6299.000,0.000,6299.000,1341.793
0.074,3213.000,1494.000,4707.000,-30.379
0.010,3652.000,1160.000,4812.000,35.687
-0.053,4457.000,552.000,5009.000,379.084
-0.117,5036.000,196.000,5232.000,424.299
-0.181,5477.000,50.000,5527.000,671.914
-0.244,5800.000,0.000,5800.000,875.078
-0.308,6054.000,0.000,6054.000,1088.774
-0.371,6249.000,0.000,6249.000,1289.989
0.087,3093.000,1494.000,4587.000,-117.046
0.013,3614.000,1068.000,4682.000,-75.230
-0.061,4541.000,402.000,4943.000,302.411
-0.136,5177.000,100.000,5277.000,438.327
-0.210,5637.000,0.000,5637.000,761.982
-0.285,5975.000,0.000,5975.000,1014.000
-0.359,6218.000,0.000,6218.000,1253.058
0.088,3087.000,1494.000,4581.000,-122.949
0.015,3585.000,1084.000,4669.000,-94.060
-0.059,4523.000,412.000,4935.000,289.427
-0.132,5139.000,112.000,5251.000,416.734
-0.206,5615.000,0.000,5615.000,749.055
-0.279,5947.000,0.000,5947.000,993.917
-0.352,6200.000,0.000,6200.000,1230.569
0.095,3024.000,1494.000,4518.000,-161.929
0.022,3482.000,1084.000,4566.000,-185.029
-0.051,4428.000,422.000,4850.000,223.378
-0.125,5093.000,112.000,5205.000,370.997
-0.198,5579.000,0.000,5579.000,723.324
-0.272,5920.000,0.000,5920.000,970.419
-0.345,6178.000,0.000,6178.000,1208.026
0.095,3024.000,1494.000,4518.000,-161.928
0.023,3470.000,1084.000,4554.000,-190.746
-0.049,4409.000,432.000,4841.000,223.167
-0.122,5071.000,116.000,5187.000,362.447
-0.194,5563.000,4.000,5567.000,710.670
-0.266,5905.000,0.000,5905.000,950.263
-0.339,6153.000,0.000,6153.000,1188.693
0.103,2953.000,1494.000,4447.000,-204.608
0.030,3385.000,1084.000,4469.000,-274.338
-0.042,4344.000,432.000,4776.000,146.822
-0.114,5010.000,116.000,5126.000,313.155
-0.187,5516.000,4.000,5520.000,689.605
-0.259,5876.000,0.000,5876.000,926.618
-0.331,6130.000,0.000,6130.000,1162.914
0.103,2953.000,1494.000,4447.000,-204.608
0.031,3378.000,1084.000,4462.000,-277.064
-0.040,4317.000,442.000,4759.000,139.447
-0.111,4986.000,124.000,5110.000,307.437
-0.183,5493.000,8.000,5501.000,677.779
-0.254,5850.000,0.000,5850.000,909.462
-0.325,6107.000,0.000,6107.000,1143.578
-0.396,6314.000,0.000,6314.000,1355.110
0.038,3582.000,1494.000,5076.000,306.081
-0.033,4241.000,1100.000,5341.000,574.983
-0.104,4928.000,442.000,5370.000,624.524
-0.175,5441.000,128.000,5569.000,683.886
-0.247,5812.000,10.000,5822.000,885.442
-0.318,6087.000,0.000,6087.000,1121.018
-0.389,6296.000,0.000,6296.000,1339.445
0.039,3569.000,1494.000,5063.000,295.776
-0.031,4217.000,1100.000,5317.000,559.779
-0.102,4909.000,452.000,5361.000,621.450
-0.172,5419.000,132.000,5551.000,682.130
-0.242,5792.000,16.000,5808.000,868.264
-0.312,6070.000,0.000,6070.000,1101.676
-0.382,6279.000,0.000,6279.000,1322.279
0.046,3490.000,1494.000,4984.000,220.648
-0.024,4135.000,1100.000,5235.000,473.134
-0.094,4845.000,462.000,5307.000,585.892
-0.165,5377.000,132.000,5509.000,660.273
-0.235,5765.000,16.000,5781.000,844.240
-0.305,6045.000,0.000,6045.000,1079.094
-0.375,6257.000,0.000,6257.000,1302.137
0.046,3490.000,1494.000,4984.000,220.646
-0.023,4125.000,1116.000,5241.000,466.039
-0.092,4821.000,472.000,5293.000,589.728
-0.161,5348.000,144.000,5492.000,653.102
-0.231,5740.000,20.000,5760.000,830.590
-0.300,6030.000,0.000,6030.000,1062.947
-0.369,6243.000,0.000,6243.000,1283.889
0.048,3474.000,1494.000,4968.000,201.208
-0.030,4205.000,1020.000,5225.000,490.303
-0.109,4977.000,348.000,5325.000,541.963
-0.188,5521.000,76.000,5597.000,692.683
-0.266,5905.000,0.000,5905.000,950.263
-0.345,6178.000,0.000,6178.000,1208.026
0.061,3337.000,1494.000,4831.000,78.761
-0.016,4026.000,1036.000,5062.000,316.664
-0.094,4845.000,364.000,5209.000,477.045
-0.171,5415.000,80.000,5495.000,642.218
-0.249,5823.000,0.000,5823.000,892.269
-0.326,6114.000,0.000,6114.000,1146.801
0.080,3150.000,1494.000,4644.000,-75.038
0.003,3739.000,1036.000,4775.000,20.013
-0.075,4680.000,364.000,5044.000,382.233
-0.152,5287.000,82.000,5369.000,543.170
-0.230,5738.000,0.000,5738.000,827.126
-0.307,6051.000,0.000,6051.000,1085.548
-0.385,6283.000,0.000,6283.000,1329.844
0.016,3856.000,1494.000,5350.000,569.582
-0.061,4546.000,1036.000,5582.000,817.619
-0.137,5183.000,372.000,5555.000,745.159
-0.213,5654.000,84.000,5738.000,771.842
-0.289,5986.000,0.000,5986.000,1027.209
-0.366,6238.000,0.000,6238.000,1274.723
0.035,3615.000,1494.000,5109.000,336.567
-0.041,4337.000,1036.000,5373.000,636.748
-0.118,5043.000,372.000,5415.000,621.991
-0.194,5563.000,84.000,5647.000,710.806
-0.270,5914.000,0.000,5914.000,963.709
-0.347,6185.000,0.000,6185.000,1214.469
0.047,3479.000,1494.000,4973.000,210.837
-0.028,4182.000,1052.000,5234.000,486.364
-0.103,4923.000,392.000,5315.000,561.303
-0.178,5462.000,96.000,5558.000,663.071
-0.254,5850.000,0.000,5850.000,909.477
-0.329,6121.000,0.000,6121.000,1156.469
0.066,3289.000,1494.000,4783.000,34.649
-0.010,3937.000,1052.000,4989.000,231.000
-0.085,4765.000,392.000,5157.000,460.677
-0.160,5343.000,96.000,5439.000,595.404
-0.235,5765.000,0.000,5765.000,844.194
-0.310,6062.000,0.000,6062.000,1095.226
-0.385,6283.000,0.000,6283.000,1329.844
0.003,4031.000,1494.000,5525.000,736.798
-0.071,4643.000,1068.000,5711.000,935.177
-0.145,5241.000,402.000,5643.000,833.878
-0.219,5679.000,104.000,5783.000,791.263
-0.293,6006.000,0.000,6006.000,1040.284
-0.367,6238.000,0.000,6238.000,1277.781
0.021,3781.000,1494.000,5275.000,504.235
-0.053,4464.000,1068.000,5532.000,763.675
-0.127,5106.000,402.000,5508.000,715.980
-0.200,5588.000,108.000,5696.000,730.898
-0.274,5930.000,0.000,5930.000,977.162
-0.348,6186.000,0.000,6186.000,1217.690
0.033,3638.000,1494.000,5132.000,356.551
-0.040,4324.000,1084.000,5408.000,647.398
-0.113,5004.000,422.000,5426.000,643.178
-0.186,5511.000,112.000,5623.000,694.996
-0.258,5875.000,2.000,5877.000,923.236
-0.331,6130.000,0.000,6130.000,1162.914
0.051,3430.000,1494.000,4924.000,172.350
-0.031,4211.000,972.000,5183.000,472.702
-0.113,5004.000,316.000,5320.000,513.230
-0.195,5569.000,62.000,5631.000,713.909
-0.277,5942.000,0.000,5942.000,987.205
-0.359,6218.000,0.000,6218.000,1253.058
0.007,3974.000,1494.000,5468.000,677.487
-0.073,4662.000,1004.000,5666.000,910.655
-0.154,5300.000,332.000,5632.000,798.526
-0.235,5765.000,68.000,5833.000,844.328
-0.315,6079.000,0.000,6079.000,1111.348
-0.396,6314.000,0.000,6314.000,1355.110
-0.029,4475.000,1494.000,5969.000,1116.873
-0.110,4985.000,988.000,5973.000,1098.740
-0.190,5538.000,332.000,5870.000,940.864
-0.271,5919.000,68.000,5987.000,967.210
-0.352,6200.000,0.000,6200.000,1230.569
0.008,3962.000,1494.000,5456.000,666.340
-0.071,4641.000,1004.000,5645.000,898.894
-0.150,5274.000,348.000,5622.000,794.083
-0.230,5738.000,72.000,5810.000,827.284
-0.309,6059.000,0.000,6059.000,1092.000
-0.388,6294.000,0.000,6294.000,1337.080
-0.027,4448.000,1494.000,5942.000,1094.741
-0.107,4963.000,1004.000,5967.000,1090.148
-0.186,5511.000,340.000,5851.000,943.540
-0.265,5902.000,74.000,5976.000,947.059
-0.345,6178.000,0.000,6178.000,1208.026
0.009,3947.000,1494.000,5441.000,655.874
-0.069,4613.000,1020.000,5633.000,886.941
-0.147,5252.000,356.000,5608.000,788.936
-0.225,5724.000,78.000,5802.000,810.612
-0.303,6038.000,0.000,6038.000,1072.637
-0.381,6278.000,0.000,6278.000,1319.644
-0.026,4434.000,1494.000,5928.000,1083.442
-0.104,4933.000,1020.000,5953.000,1088.937
-0.182,5488.000,356.000,5844.000,953.463
-0.260,5881.000,78.000,5959.000,930.192
-0.338,6149.000,0.000,6149.000,1185.471
0.010,3937.000,1494.000,5431.000,645.249
-0.067,4598.000,1036.000,5634.000,875.242
-0.143,5232.000,372.000,5604.000,784.487
-0.220,5686.000,84.000,5770.000,794.473
-0.297,6019.000,0.000,6019.000,1053.243
-0.373,6253.000,0.000,6253.000,1296.081
-0.025,4429.000,1494.000,5923.000,1072.084
-0.101,4906.000,1036.000,5942.000,1087.900
-0.178,5462.000,372.000,5834.000,963.353
-0.254,5850.000,84.000,5934.000,909.640
-0.331,6130.000,0.000,6130.000,1162.917
0.010,3937.000,1494.000,5431.000,645.249
-0.065,4579.000,1052.000,5631.000,870.698
-0.140,5211.000,392.000,5603.000,786.592
-0.216,5664.000,92.000,5756.000,781.558
-0.291,5998.000,0.000,5998.000,1033.756
-0.366,6238.000,0.000,6238.000,1274.723
-0.028,4465.000,1494.000,5959.000,1105.887
-0.112,4995.000,956.000,5951.000,1087.629
-0.195,5569.000,300.000,5869.000,913.994
-0.279,5947.000,56.000,6003.000,994.045
-0.362,6226.000,0.000,6226.000,1262.432
-0.035,4543.000,1494.000,6037.000,1181.325
-0.117,5039.000,972.000,6011.000,1131.103
-0.199,5586.000,316.000,5902.000,947.803
-0.281,5952.000,62.000,6014.000,1000.764
-0.363,6232.000,0.000,6232.000,1265.518
-0.035,4543.000,1494.000,6037.000,1181.325
-0.117,5039.000,972.000,6011.000,1131.103
-0.199,5586.000,316.000,5902.000,947.803
-0.281,5952.000,62.000,6014.000,1000.764
-0.363,6232.000,0.000,6232.000,1265.518
-0.041,4615.000,1494.000,6109.000,1243.342
-0.122,5075.000,988.000,6063.000,1169.817
-0.202,5603.000,332.000,5935.000,978.548
-0.283,5968.000,68.000,6036.000,1007.468
-0.364,6234.000,0.000,6234.000,1268.593
-0.041,4615.000,1494.000,6109.000,1243.342
-0.122,5075.000,988.000,6063.000,1169.817
-0.202,5603.000,332.000,5935.000,978.548
-0.283,5968.000,68.000,6036.000,1007.468
-0.364,6234.000,0.000,6234.000,1268.593
-0.048,4689.000,1494.000,6183.000,1297.131
-0.127,5112.000,1004.000,6116.000,1216.675
-0.206,5616.000,348.000,5964.000,1013.211
-0.285,5975.000,74.000,6049.000,1014.159
-0.364,6234.000,0.000,6234.000,1268.593
-0.048,4689.000,1494.000,6183.000,1297.131
-0.127,5112.000,1004.000,6116.000,1216.675
-0.206,5616.000,348.000,5964.000,1013.211
-0.285,5975.000,74.000,6049.000,1014.159
-0.364,6234.000,0.000,6234.000,1268.593
-0.055,4758.000,1494.000,6252.000,1356.076
-0.132,5149.000,1036.000,6185.000,1263.895
-0.210,5638.000,364.000,6002.000,1047.914
-0.287,5980.000,82.000,6062.000,1020.803
-0.365,6236.000,0.000,6236.000,1271.661
-0.055,4758.000,1494.000,6252.000,1356.076
-0.132,5149.000,1036.000,6185.000,1263.895
-0.210,5638.000,364.000,6002.000,1047.914
-0.287,5980.000,82.000,6062.000,1020.803
-0.365,6236.000,0.000,6236.000,1271.661
-0.061,4822.000,1494.000,6316.000,1413.468
-0.137,5194.000,1052.000,6246.000,1303.898
-0.213,5655.000,382.000,6037.000,1079.382
-0.290,5993.000,88.000,6081.000,1030.647
-0.366,6238.000,0.000,6238.000,1274.723
-0.065,4853.000,1494.000,6347.000,1450.899
-0.150,5280.000,940.000,6220.000,1323.789
-0.235,5766.000,284.000,6050.000,1031.719
-0.320,6090.000,50.000,6140.000,1127.568
-0.031,4498.000,1494.000,5992.000,1138.714
-0.114,5014.000,972.000,5986.000,1106.012
-0.197,5576.000,308.000,5884.000,927.360
-0.280,5948.000,58.000,6006.000,997.405
-0.363,6232.000,0.000,6232.000,1265.518
-0.072,4922.000,1492.000,6414.000,1503.920
-0.155,5318.000,970.000,6288.000,1371.022
-0.238,5772.000,298.000,6070.000,1061.684
-0.321,6092.000,56.000,6148.000,1130.783
-0.038,4585.000,1494.000,6079.000,1213.468
-0.119,5058.000,988.000,6046.000,1150.681
-0.201,5594.000,316.000,5910.000,961.247
-0.282,5960.000,64.000,6024.000,1004.117
-0.363,6232.000,0.000,6232.000,1265.518
-0.079,4980.000,1482.000,6462.000,1539.946
-0.160,5351.000,976.000,6327.000,1418.101
-0.241,5785.000,312.000,6097.000,1100.093
-0.323,6097.000,52.000,6149.000,1137.224
-0.045,4660.000,1494.000,6154.000,1277.538
-0.125,5099.000,1004.000,6103.000,1196.389
-0.205,5614.000,340.000,5954.000,995.468
-0.284,5973.000,72.000,6045.000,1010.818
-0.364,6234.000,0.000,6234.000,1268.593
-0.085,5030.000,1476.000,6506.000,1569.804
-0.165,5382.000,986.000,6368.000,1453.303
-0.245,5804.000,322.000,6126.000,1128.125
-0.324,6103.000,54.000,6157.000,1140.447
-0.053,4740.000,1494.000,6234.000,1338.589
-0.131,5136.000,1020.000,6156.000,1250.092
-0.209,5628.000,356.000,5984.000,1037.423
-0.287,5980.000,78.000,6058.000,1020.799
-0.365,6236.000,0.000,6236.000,1271.661
