# #stocks, #noise, #price, #walk, #kn, #action
58762,4,0,0,0,sell
58767,1,-0.03,4,8,sell
58768,-2,-0.060000000000000005,5,9,buy
58767,4,0.05000000000000001,3,7,sell
58768,1,-0.060000000000000005,7,11,sell
58771,-1,-0.07,8,14,buy
58770,-4,0.04000000000000001,7,13,buy
58768,-3,0.09,3,9,buy
58766,2,0.15,0,6,sell
58767,2,0.07,2,8,sell
58768,-2,0.05,4,10,buy
58766,-3,0.15,2,7,buy
58764,-3,0.19000000000000003,-1,4,buy
58762,-1,0.25000000000000006,-4,0,buy
58761,-1,0.26000000000000006,-5,-1,buy
58760,2,0.3000000000000001,-6,-2,sell
58761,2,0.23000000000000004,-4,0,sell
58762,3,0.16999999999999998,-2,2,sell
58764,-2,0.12999999999999995,1,5,buy
58763,-1,0.2,-1,3,buy
58762,-4,0.23000000000000004,-2,2,buy
58761,-1,0.2800000000000001,-6,-2,buy
58760,-3,0.3000000000000001,-7,-3,buy
58758,-3,0.3200000000000001,-10,-6,buy
58757,1,0.37000000000000016,-13,-9,sell
58758,2,0.2900000000000001,-12,-8,sell
58759,3,0.23000000000000004,-10,-6,sell
58760,-1,0.2,-7,-3,buy
58759,1,0.3000000000000001,-8,-4,sell
58760,3,0.24000000000000005,-7,-3,sell
58762,-4,0.16999999999999998,-4,0,buy
58761,-1,0.2800000000000001,-8,-4,buy
58760,1,0.3000000000000001,-9,-5,sell
58761,1,0.24000000000000005,-8,-4,sell
58762,2,0.18,-7,-3,sell
58764,-2,0.12999999999999995,-5,0,buy
58763,-2,0.2,-7,-2,buy
58762,-2,0.24000000000000005,-9,-4,buy
58761,-1,0.26000000000000006,-11,-6,buy
58760,1,0.3000000000000001,-12,-7,sell
58761,2,0.24000000000000005,-11,-6,sell
58762,-1,0.16999999999999998,-9,-4,buy
58761,-2,0.25000000000000006,-10,-5,buy
58759,1,0.3100000000000001,-12,-8,sell
58760,-3,0.24000000000000005,-11,-7,buy
58758,-1,0.3200000000000001,-14,-11,buy
58757,1,0.35000000000000014,-15,-12,sell
58758,-1,0.2900000000000001,-14,-11,buy
58757,-1,0.35000000000000014,-15,-12,buy
58755,1,0.3900000000000002,-16,-14,sell
58756,-2,0.3000000000000001,-15,-13,buy
58754,-2,0.4000000000000002,-17,-16,buy
58753,-1,0.4400000000000002,-19,-18,buy
58750,2,0.46000000000000024,-20,-21,sell
58752,-1,0.38000000000000017,-18,-18,buy
58750,-2,0.46000000000000024,-19,-20,buy
58748,2,0.5000000000000002,-21,-23,sell
58750,5,0.3800000000000001,-19,-20,sell
58752,2,0.31000000000000005,-14,-15,sell
58754,2,0.29000000000000004,-12,-12,sell
58756,-2,0.24,-10,-9,buy
58755,-2,0.31000000000000005,-12,-11,buy
58754,1,0.3600000000000001,-14,-13,sell
58755,2,0.29000000000000004,-13,-12,sell
58756,-1,0.22999999999999998,-11,-10,buy
58755,3,0.30000000000000004,-12,-11,sell
58757,2,0.21999999999999997,-9,-7,sell
58759,1,0.17999999999999994,-7,-4,sell
58760,-2,0.16999999999999993,-6,-3,buy
58759,2,0.26,-8,-5,sell
58760,-1,0.16999999999999993,-6,-3,buy
58759,1,0.25,-7,-4,sell
58760,-1,0.17999999999999994,-6,-3,buy
58759,3,0.25,-7,-4,sell
58760,-1,0.15999999999999992,-4,-1,buy
58759,-1,0.25,-5,-2,buy
58758,4,0.30000000000000004,-6,-3,sell
58759,-1,0.20999999999999996,-2,1,buy
58758,-1,0.30000000000000004,-3,0,buy
58757,-1,0.31000000000000005,-4,-1,buy
58756,-3,0.32000000000000006,-5,-2,buy
58755,-1,0.3700000000000001,-8,-5,buy
58754,-2,0.3900000000000001,-9,-6,buy
58753,-2,0.41000000000000014,-11,-8,buy
58752,3,0.44000000000000017,-13,-10,sell
58753,2,0.32000000000000006,-10,-7,sell
58755,-2,0.29000000000000004,-8,-4,buy
58754,-1,0.3600000000000001,-10,-6,buy
58753,4,0.3900000000000001,-11,-7,sell
58755,1,0.28,-7,-2,sell
58756,-1,0.25,-6,-1,buy
58755,-3,0.3500000000000001,-7,-2,buy
58753,-2,0.40000000000000013,-10,-5,buy
58752,1,0.44000000000000017,-12,-7,sell
58753,-2,0.3400000000000001,-11,-6,buy
58752,-1,0.41000000000000014,-13,-8,buy
58749,4,0.4600000000000002,-14,-11,sell
58751,2,0.3700000000000001,-10,-6,sell
58752,-2,0.33000000000000007,-8,-4,buy
58751,-2,0.41000000000000014,-10,-6,buy
58749,3,0.4600000000000002,-12,-8,sell
58751,2,0.3800000000000001,-9,-5,sell
58752,-4,0.33000000000000007,-7,-3,buy
58751,1,0.43000000000000016,-11,-7,sell
58752,1,0.3400000000000001,-10,-6,sell
58753,-1,0.31000000000000005,-9,-5,buy
58752,-3,0.40000000000000013,-10,-6,buy
58749,1,0.4600000000000002,-13,-9,sell
58750,-1,0.3900000000000001,-12,-8,buy
58749,-2,0.4600000000000002,-13,-9,buy
58748,2,0.5000000000000002,-15,-11,sell
58750,4,0.3800000000000001,-13,-8,sell
58752,1,0.31000000000000005,-9,-3,sell
58753,4,0.30000000000000004,-8,-2,sell
58754,1,0.26,-4,2,sell
58755,-2,0.25,-3,3,buy
58754,1,0.3600000000000001,-5,1,sell
58755,-1,0.29000000000000004,-4,2,buy
58754,1,0.3500000000000001,-5,1,sell
58755,1,0.29000000000000004,-4,2,sell
58756,-4,0.24,-3,3,buy
58755,-2,0.33000000000000007,-7,-1,buy
58754,-4,0.3600000000000001,-9,-3,buy
58752,-4,0.41000000000000014,-13,-8,buy
58748,2,0.4600000000000002,-17,-15,sell
58750,1,0.3800000000000001,-15,-12,sell
58751,-1,0.3400000000000001,-14,-11,buy
58750,-7,0.40000000000000013,-15,-12,buy
58748,2,0.4900000000000002,-22,-20,sell
58750,1,0.3800000000000001,-20,-17,sell
58751,1,0.3400000000000001,-19,-16,sell
58752,1,0.31000000000000005,-18,-15,sell
58753,2,0.30000000000000004,-17,-14,sell
58754,1,0.28,-15,-12,sell
58755,4,0.25,-14,-11,sell
58757,-2,0.21999999999999997,-10,-7,buy
58755,-1,0.31000000000000005,-12,-10,buy
58754,-2,0.3500000000000001,-13,-11,buy
58752,2,0.40000000000000013,-15,-14,sell
58753,1,0.33000000000000007,-13,-12,sell
58754,2,0.30000000000000004,-12,-11,sell
58755,-2,0.28,-10,-9,buy
58754,1,0.3600000000000001,-12,-11,sell
58755,2,0.29000000000000004,-11,-10,sell
58756,2,0.22999999999999998,-9,-8,sell
58757,-1,0.20999999999999996,-7,-6,buy
58756,1,0.30000000000000004,-8,-7,sell
58757,1,0.24,-7,-6,sell
58758,2,0.18999999999999995,-6,-5,sell
58760,-1,0.16999999999999993,-4,-2,buy
58759,-1,0.25,-5,-3,buy
58758,1,0.30000000000000004,-6,-4,sell
58759,-1,0.24,-5,-3,buy
58758,4,0.30000000000000004,-6,-4,sell
58759,1,0.20999999999999996,-2,0,sell
58760,-1,0.17999999999999994,-1,1,buy
58759,-1,0.25,-2,0,buy
58758,-1,0.30000000000000004,-3,-1,buy
58757,2,0.31000000000000005,-4,-2,sell
58758,1,0.22999999999999998,-2,0,sell
58759,-2,0.21999999999999997,-1,1,buy
58757,-3,0.31000000000000005,-3,-2,buy
58756,-2,0.3400000000000001,-6,-5,buy
58755,-2,0.3600000000000001,-8,-7,buy
58753,-1,0.40000000000000013,-10,-10,buy
58752,2,0.43000000000000016,-11,-11,sell
58753,-6,0.33000000000000007,-9,-9,buy
58752,-5,0.4500000000000002,-15,-15,buy
58749,2,0.4700000000000002,-20,-21,sell
58751,1,0.3800000000000001,-18,-18,sell
58752,-4,0.3400000000000001,-17,-17,buy
58751,-4,0.43000000000000016,-21,-21,buy
58749,-2,0.4700000000000002,-25,-25,buy
58748,-2,0.5000000000000002,-27,-27,buy
58747,-2,0.5200000000000002,-29,-29,buy
58745,-3,0.5500000000000003,-31,-32,buy
58743,-2,0.5700000000000003,-34,-36,buy
58740,-1,0.6100000000000003,-36,-40,buy
58738,-1,0.6200000000000003,-37,-42,buy
58737,1,0.6300000000000003,-38,-43,sell
58738,1,0.5500000000000003,-37,-42,sell
58739,-2,0.5300000000000002,-36,-41,buy
58737,2,0.6200000000000003,-38,-43,sell
58738,3,0.5400000000000003,-36,-41,sell
58739,-1,0.5100000000000002,-33,-38,buy
58737,1,0.6200000000000003,-34,-40,sell
58738,2,0.5500000000000003,-33,-39,sell
58739,-2,0.5200000000000002,-31,-37,buy
58737,-4,0.6200000000000003,-33,-39,buy
58735,6,0.7000000000000004,-37,-44,sell
58737,-5,0.5900000000000003,-31,-38,buy
58735,-1,0.7000000000000004,-36,-43,buy
58734,-3,0.7400000000000004,-37,-44,buy
58733,1,0.7700000000000005,-40,-47,sell
58735,1,0.6100000000000003,-39,-45,sell
58736,-2,0.6000000000000003,-38,-44,buy
58735,3,0.6800000000000004,-40,-46,sell
58736,1,0.5900000000000003,-37,-43,sell
58737,1,0.5500000000000003,-36,-42,sell
58738,2,0.5300000000000002,-35,-41,sell
58739,-3,0.4900000000000002,-33,-39,buy
58738,-1,0.5800000000000003,-36,-42,buy
58736,3,0.6200000000000003,-37,-44,sell
58738,1,0.5300000000000002,-34,-40,sell
58739,-2,0.5000000000000002,-33,-39,buy
58738,-1,0.5700000000000003,-35,-41,buy
58736,-1,0.6200000000000003,-36,-43,buy
58735,2,0.6700000000000004,-37,-44,sell
58736,1,0.6000000000000003,-35,-42,sell
58737,1,0.5500000000000003,-34,-41,sell
58738,1,0.5300000000000002,-33,-40,sell
58739,-2,0.5000000000000002,-32,-39,buy
58738,-3,0.5700000000000003,-34,-41,buy
58736,3,0.6300000000000003,-37,-45,sell
58738,2,0.5300000000000002,-34,-41,sell
58739,-2,0.4900000000000002,-32,-39,buy
58738,-1,0.5700000000000003,-34,-41,buy
58736,3,0.6200000000000003,-35,-43,sell
58738,1,0.5300000000000002,-32,-39,sell
58739,-2,0.5000000000000002,-31,-38,buy
58738,1,0.5700000000000003,-33,-40,sell
58739,-1,0.5000000000000002,-32,-39,buy
58738,1,0.5600000000000003,-33,-40,sell
58739,2,0.5000000000000002,-32,-39,sell
58742,-2,0.4500000000000002,-30,-36,buy
58741,-1,0.5200000000000002,-32,-38,buy
58740,1,0.5400000000000003,-33,-39,sell
58742,1,0.4500000000000002,-32,-37,sell
58743,-1,0.42000000000000015,-31,-36,buy
58742,-2,0.5100000000000002,-32,-37,buy
58741,-3,0.5500000000000003,-34,-39,buy
58740,2,0.5800000000000003,-37,-42,sell
58741,-1,0.4900000000000002,-35,-40,buy
58740,1,0.5600000000000003,-36,-41,sell
58741,1,0.5000000000000002,-35,-40,sell
58743,5,0.4500000000000002,-34,-38,sell
58746,-1,0.3700000000000001,-29,-31,buy
58744,1,0.4600000000000002,-30,-33,sell
58745,1,0.3900000000000001,-29,-32,sell
58746,3,0.3800000000000001,-28,-31,sell
58747,-1,0.32000000000000006,-25,-28,buy
58746,-1,0.40000000000000013,-26,-29,buy
58744,-1,0.4600000000000002,-27,-31,buy
58743,1,0.5100000000000002,-28,-32,sell
58744,1,0.4500000000000002,-27,-31,sell
58745,-4,0.3900000000000001,-26,-30,buy
58744,1,0.4900000000000002,-30,-34,sell
58745,2,0.3900000000000001,-29,-33,sell
58746,-1,0.3700000000000001,-27,-31,buy
58744,-1,0.4600000000000002,-28,-33,buy
58743,1,0.5100000000000002,-29,-34,sell
58744,1,0.4500000000000002,-28,-33,sell
58745,1,0.3900000000000001,-27,-32,sell
58746,2,0.3800000000000001,-26,-31,sell
58747,-1,0.33000000000000007,-24,-29,buy
58746,-1,0.40000000000000013,-25,-30,buy
58744,1,0.4600000000000002,-26,-32,sell
58745,2,0.3900000000000001,-25,-31,sell
58746,1,0.3700000000000001,-23,-29,sell
58747,-2,0.3400000000000001,-22,-28,buy
58746,1,0.41000000000000014,-24,-30,sell
58747,2,0.3400000000000001,-23,-29,sell
58749,-3,0.30000000000000004,-21,-26,buy
58747,-3,0.40000000000000013,-24,-29,buy
58744,1,0.4600000000000002,-27,-32,sell
58745,2,0.3900000000000001,-26,-31,sell
58746,-2,0.3700000000000001,-24,-29,buy
58744,1,0.4600000000000002,-26,-31,sell
58745,-4,0.3900000000000001,-25,-30,buy
58744,-1,0.4900000000000002,-29,-34,buy
58743,3,0.5100000000000002,-30,-35,sell
58744,1,0.43000000000000016,-27,-32,sell
58745,1,0.3900000000000001,-26,-31,sell
58746,2,0.3800000000000001,-25,-30,sell
58747,2,0.33000000000000007,-23,-28,sell
58749,-3,0.30000000000000004,-21,-25,buy
58747,-6,0.40000000000000013,-24,-28,buy
58744,2,0.4700000000000002,-30,-34,sell
58746,3,0.3800000000000001,-28,-31,sell
58747,-3,0.32000000000000006,-25,-28,buy
58746,-1,0.42000000000000015,-28,-31,buy
58744,1,0.4600000000000002,-29,-33,sell
58745,1,0.3900000000000001,-28,-32,sell
58746,-1,0.3800000000000001,-27,-31,buy
58744,-2,0.4600000000000002,-28,-33,buy
58743,-2,0.5200000000000002,-30,-35,buy
58742,2,0.5500000000000003,-32,-37,sell
58744,-1,0.4500000000000002,-30,-35,buy
58743,2,0.5100000000000002,-31,-36,sell
58744,3,0.44000000000000017,-29,-34,sell
58746,-1,0.3800000000000001,-26,-31,buy
58744,-1,0.4600000000000002,-27,-33,buy
58743,-1,0.5100000000000002,-28,-34,buy
58742,1,0.5400000000000003,-29,-35,sell
58744,-3,0.4500000000000002,-28,-33,buy
58743,1,0.5300000000000002,-31,-36,sell
58744,3,0.4500000000000002,-30,-35,sell
58746,-2,0.3800000000000001,-27,-32,buy
58744,-3,0.4600000000000002,-29,-34,buy
58743,2,0.5300000000000002,-32,-37,sell
58744,1,0.44000000000000017,-30,-35,sell
58745,3,0.3900000000000001,-29,-34,sell
58746,-2,0.3600000000000001,-26,-31,buy
58744,2,0.4600000000000002,-28,-33,sell
58746,1,0.3800000000000001,-26,-30,sell
58747,-1,0.3400000000000001,-25,-29,buy
58746,-2,0.40000000000000013,-26,-30,buy
58744,1,0.4600000000000002,-28,-32,sell
58745,1,0.3900000000000001,-27,-31,sell
58746,-1,0.3800000000000001,-26,-30,buy
58744,-1,0.4600000000000002,-27,-32,buy
58743,1,0.5100000000000002,-28,-33,sell
58744,2,0.4500000000000002,-27,-32,sell
58746,-2,0.3800000000000001,-25,-29,buy
58744,4,0.4600000000000002,-27,-31,sell
58746,4,0.3700000000000001,-23,-26,sell
58748,5,0.31000000000000005,-19,-21,sell
58750,-2,0.28,-14,-16,buy
58749,1,0.3600000000000001,-16,-18,sell
58750,-1,0.29000000000000004,-15,-17,buy
58749,-3,0.3500000000000001,-16,-18,buy
58747,-1,0.40000000000000013,-19,-21,buy
58744,2,0.4600000000000002,-20,-24,sell
58746,-2,0.3800000000000001,-18,-21,buy
58744,-1,0.4600000000000002,-20,-23,buy
58743,-2,0.5100000000000002,-21,-24,buy
58742,-1,0.5500000000000003,-23,-26,buy
58741,1,0.5600000000000003,-24,-27,sell
58742,-2,0.5000000000000002,-23,-26,buy
58741,3,0.5700000000000003,-25,-28,sell
58742,1,0.4800000000000002,-22,-25,sell
58744,-1,0.4500000000000002,-21,-23,buy
58743,2,0.5100000000000002,-22,-24,sell
58744,2,0.44000000000000017,-20,-22,sell
58746,-3,0.3800000000000001,-18,-19,buy
58744,-2,0.4700000000000002,-21,-23,buy
58743,1,0.5200000000000002,-23,-25,sell
58744,-1,0.4500000000000002,-22,-24,buy
58743,-2,0.5100000000000002,-23,-25,buy
58742,2,0.5500000000000003,-25,-27,sell
58744,4,0.4500000000000002,-23,-25,sell
58746,1,0.3700000000000001,-19,-20,sell
58747,-4,0.3400000000000001,-18,-19,buy
58746,3,0.43000000000000016,-22,-23,sell
58747,1,0.32000000000000006,-19,-20,sell
58748,2,0.31000000000000005,-18,-19,sell
58750,-2,0.29000000000000004,-16,-16,buy
58749,2,0.3600000000000001,-18,-18,sell
58750,2,0.28,-16,-16,sell
58752,-1,0.24,-14,-13,buy
58751,-3,0.30000000000000004,-15,-14,buy
58750,-2,0.3700000000000001,-18,-17,buy
58748,-1,0.40000000000000013,-20,-20,buy
58747,2,0.43000000000000016,-21,-21,sell
58748,1,0.33000000000000007,-19,-19,sell
58749,-2,0.30000000000000004,-18,-18,buy
58747,2,0.40000000000000013,-20,-21,sell
58748,-1,0.33000000000000007,-18,-19,buy
58747,4,0.40000000000000013,-19,-20,sell
58748,1,0.31000000000000005,-15,-16,sell
58749,-2,0.30000000000000004,-14,-15,buy
58747,-2,0.40000000000000013,-16,-18,buy
58744,1,0.4600000000000002,-18,-21,sell
58745,-2,0.3900000000000001,-17,-20,buy
58744,2,0.4700000000000002,-19,-22,sell
58746,-2,0.3800000000000001,-17,-19,buy
58744,-3,0.4600000000000002,-19,-21,buy
58743,-1,0.5300000000000002,-22,-24,buy
58742,2,0.5400000000000003,-23,-25,sell
58744,1,0.4500000000000002,-21,-23,sell
58745,2,0.3900000000000001,-20,-22,sell
58746,-2,0.3700000000000001,-18,-20,buy
58744,-2,0.4600000000000002,-20,-22,buy
58743,-2,0.5200000000000002,-22,-24,buy
58742,-1,0.5500000000000003,-24,-26,buy
58741,-1,0.5600000000000003,-25,-27,buy
58739,-3,0.6100000000000003,-26,-29,buy
58737,-1,0.6300000000000003,-29,-33,buy
58736,2,0.6700000000000004,-30,-34,sell
58737,5,0.6000000000000003,-28,-32,sell
58739,-2,0.5200000000000002,-23,-26,buy
58737,1,0.6200000000000003,-25,-28,sell
58738,2,0.5500000000000003,-24,-27,sell
58739,-2,0.5200000000000002,-22,-25,buy
58737,-1,0.6200000000000003,-24,-27,buy
58736,4,0.6700000000000004,-25,-28,sell
58737,-2,0.5800000000000003,-21,-24,buy
58736,-2,0.6800000000000004,-23,-26,buy
58735,2,0.7100000000000004,-25,-28,sell
58737,-2,0.6100000000000003,-23,-26,buy
58736,2,0.6800000000000004,-25,-28,sell
58737,3,0.6000000000000003,-23,-26,sell
58739,-3,0.5300000000000002,-20,-22,buy
58737,-2,0.6300000000000003,-23,-26,buy
58736,1,0.6800000000000004,-25,-28,sell
58737,4,0.6100000000000003,-24,-27,sell
58739,3,0.5300000000000002,-20,-23,sell
58740,-2,0.4800000000000002,-17,-20,buy
58739,-4,0.5700000000000003,-19,-22,buy
58737,2,0.6300000000000003,-23,-26,sell
58738,2,0.5400000000000003,-21,-24,sell
58739,-1,0.5200000000000002,-19,-22,buy
58737,2,0.6200000000000003,-20,-24,sell
58738,1,0.5400000000000003,-18,-22,sell
58739,2,0.5300000000000002,-17,-21,sell
58740,-2,0.4900000000000002,-15,-19,buy
58739,-2,0.5700000000000003,-17,-21,buy
58737,-2,0.6200000000000003,-19,-23,buy
58736,-3,0.6800000000000004,-21,-25,buy
58735,2,0.7200000000000004,-24,-28,sell
58737,-1,0.6100000000000003,-22,-26,buy
58736,1,0.6700000000000004,-23,-27,sell
58737,-1,0.6100000000000003,-22,-26,buy
58736,-2,0.6700000000000004,-23,-27,buy
58735,-1,0.7100000000000004,-25,-29,buy
58734,-1,0.7400000000000004,-26,-30,buy
58733,-3,0.7500000000000004,-27,-31,buy
58730,2,0.7800000000000005,-30,-34,sell
58731,1,0.6800000000000004,-28,-32,sell
58733,-2,0.6100000000000003,-27,-30,buy
58732,1,0.6800000000000004,-29,-32,sell
58733,2,0.6100000000000003,-28,-31,sell
58735,-3,0.6000000000000003,-26,-29,buy
58734,2,0.6900000000000004,-29,-32,sell
58735,-2,0.6000000000000003,-27,-30,buy
58734,-2,0.6800000000000004,-29,-32,buy
58733,3,0.7100000000000004,-31,-34,sell
58735,-2,0.6000000000000003,-28,-30,buy
58734,-3,0.6800000000000004,-30,-32,buy
58733,2,0.7200000000000004,-33,-35,sell
58735,-1,0.6100000000000003,-31,-33,buy
58734,1,0.6700000000000004,-32,-34,sell
58735,-2,0.6100000000000003,-31,-33,buy
58734,-1,0.6800000000000004,-33,-35,buy
58733,-1,0.7000000000000004,-34,-36,buy
58732,-2,0.7500000000000004,-35,-37,buy
58730,-1,0.7800000000000005,-37,-39,buy
58729,4,0.7900000000000005,-38,-40,sell
58730,-2,0.6600000000000004,-34,-36,buy
58729,-2,0.7900000000000005,-36,-38,buy
58727,2,0.8600000000000005,-38,-40,sell
58728,-5,0.7600000000000005,-36,-38,buy
58725,1,0.8900000000000006,-41,-44,sell
58726,1,0.7700000000000005,-40,-43,sell
58727,-2,0.7400000000000004,-39,-42,buy
58726,-1,0.8700000000000006,-41,-44,buy
58725,-1,0.8900000000000006,-42,-45,buy
58724,-1,0.9200000000000006,-43,-46,buy
58723,-1,0.9300000000000006,-44,-47,buy
58722,-1,0.9400000000000006,-45,-48,buy
58721,1,0.9500000000000006,-46,-49,sell
58722,2,0.8500000000000005,-45,-48,sell
58724,2,0.7700000000000005,-43,-46,sell
58725,1,0.7300000000000004,-41,-44,sell
58726,-2,0.6900000000000004,-40,-43,buy
58725,1,0.7900000000000005,-42,-45,sell
58726,1,0.6900000000000004,-41,-44,sell
58728,1,0.6100000000000003,-40,-42,sell
58730,2,0.6000000000000003,-39,-40,sell
58732,2,0.5400000000000003,-37,-37,sell
58733,2,0.5200000000000002,-35,-35,sell
58735,2,0.4900000000000002,-33,-32,sell
58736,2,0.4700000000000002,-31,-30,sell
58739,1,0.4500000000000002,-29,-27,sell
58740,-4,0.42000000000000015,-28,-26,buy
58738,2,0.5400000000000003,-32,-31,sell
58740,3,0.4500000000000002,-30,-29,sell
58743,-1,0.3800000000000001,-27,-25,buy
58741,-3,0.4600000000000002,-28,-27,buy
58740,-1,0.5300000000000002,-31,-30,buy
58739,1,0.5400000000000003,-32,-31,sell
58741,-4,0.4500000000000002,-31,-29,buy
58739,1,0.5400000000000003,-35,-34,sell
58741,-1,0.4500000000000002,-34,-32,buy
58740,1,0.5100000000000002,-35,-33,sell
58741,-1,0.4500000000000002,-34,-32,buy
58740,-1,0.5100000000000002,-35,-33,buy
58739,-1,0.5400000000000003,-36,-34,buy
58738,-1,0.5600000000000003,-37,-35,buy
58736,-2,0.6100000000000003,-38,-37,buy
58734,2,0.6200000000000003,-40,-39,sell
58735,1,0.5400000000000003,-38,-37,sell
58736,2,0.5300000000000002,-37,-36,sell
58737,1,0.4900000000000002,-35,-34,sell
58740,1,0.4500000000000002,-34,-31,sell
58741,3,0.42000000000000015,-33,-30,sell
58743,-1,0.3800000000000001,-30,-27,buy
58741,-1,0.4600000000000002,-31,-29,buy
58740,1,0.5100000000000002,-32,-30,sell
58741,3,0.4500000000000002,-31,-29,sell
58743,-2,0.3800000000000001,-28,-26,buy
58741,-1,0.4600000000000002,-30,-28,buy
58740,-2,0.5100000000000002,-31,-29,buy
58739,1,0.5500000000000003,-33,-31,sell
58741,1,0.4500000000000002,-32,-29,sell
58742,-2,0.3900000000000001,-31,-28,buy
58741,2,0.4700000000000002,-33,-30,sell
58743,1,0.3800000000000001,-31,-27,sell
58744,2,0.3400000000000001,-30,-26,sell
58746,-1,0.30000000000000004,-28,-23,buy
58745,-1,0.3900000000000001,-29,-24,buy
58744,1,0.40000000000000013,-30,-25,sell
58745,-2,0.3400000000000001,-29,-24,buy
58744,-1,0.41000000000000014,-31,-26,buy
58741,3,0.4600000000000002,-32,-29,sell
58743,2,0.3800000000000001,-29,-26,sell
58744,-2,0.33000000000000007,-27,-24,buy
58743,2,0.41000000000000014,-29,-26,sell
58744,1,0.33000000000000007,-27,-24,sell
58745,1,0.31000000000000005,-26,-23,sell
58746,2,0.30000000000000004,-25,-22,sell
58747,2,0.28,-23,-20,sell
58749,4,0.24,-21,-17,sell
58751,1,0.18999999999999995,-17,-12,sell
58752,-2,0.17999999999999994,-16,-11,buy
58751,-4,0.26,-18,-13,buy
58749,1,0.32000000000000006,-22,-18,sell
58750,-1,0.24,-21,-17,buy
58749,1,0.30000000000000004,-22,-18,sell
58750,1,0.24,-21,-17,sell
58751,-4,0.21999999999999997,-20,-16,buy
58749,-2,0.32000000000000006,-24,-21,buy
58748,1,0.3600000000000001,-26,-23,sell
58749,3,0.29000000000000004,-25,-22,sell
58751,2,0.21999999999999997,-22,-18,sell
58754,1,0.16999999999999993,-20,-14,sell
58756,-2,0.1399999999999999,-19,-12,buy
58755,-2,0.24,-21,-14,buy
58754,-5,0.26,-23,-16,buy
58751,1,0.32000000000000006,-28,-22,sell
58752,1,0.24,-27,-21,sell
58753,1,0.21999999999999997,-26,-20,sell
58754,-3,0.17999999999999994,-25,-19,buy
58753,-3,0.27,-28,-22,buy
58751,1,0.31000000000000005,-31,-25,sell
58752,4,0.24,-30,-24,sell
58753,-2,0.18999999999999995,-26,-20,buy
58751,2,0.31000000000000005,-28,-23,sell
58752,1,0.22999999999999998,-26,-21,sell
58753,-2,0.21999999999999997,-25,-20,buy
58751,-3,0.31000000000000005,-27,-23,buy
58750,3,0.3700000000000001,-30,-26,sell
58751,-1,0.27,-27,-23,buy
58750,-2,0.3500000000000001,-28,-24,buy
58748,-2,0.40000000000000013,-30,-27,buy
58747,1,0.44000000000000017,-32,-29,sell
58748,-1,0.3400000000000001,-31,-28,buy
58747,-1,0.40000000000000013,-32,-29,buy
58744,1,0.4600000000000002,-33,-32,sell
58745,-2,0.3900000000000001,-32,-31,buy
58744,-2,0.4700000000000002,-34,-33,buy
58743,-1,0.5000000000000002,-36,-35,buy
58742,-3,0.5100000000000002,-37,-36,buy
58740,3,0.5500000000000003,-40,-39,sell
58742,-1,0.44000000000000017,-37,-35,buy
58741,-2,0.5100000000000002,-38,-36,buy
58740,3,0.5500000000000003,-40,-38,sell
58742,1,0.44000000000000017,-37,-34,sell
58743,-3,0.3900000000000001,-36,-33,buy
58742,4,0.4800000000000002,-39,-36,sell
58744,1,0.3700000000000001,-35,-31,sell
58745,1,0.3400000000000001,-34,-30,sell
58746,-4,0.31000000000000005,-33,-29,buy
58745,-2,0.43000000000000016,-37,-33,buy
58742,-1,0.4600000000000002,-39,-36,buy
58741,-1,0.5100000000000002,-40,-37,buy
58740,-2,0.5400000000000003,-41,-38,buy
58739,-1,0.5700000000000003,-43,-40,buy
58737,-1,0.6100000000000003,-44,-42,buy
58735,3,0.6200000000000003,-45,-44,sell
58737,2,0.5300000000000002,-42,-40,sell
58738,4,0.4900000000000002,-40,-38,sell
58741,-2,0.44000000000000017,-36,-32,buy
58740,-1,0.5200000000000002,-38,-34,buy
58739,2,0.5400000000000003,-39,-35,sell
58741,-1,0.4500000000000002,-37,-33,buy
58740,2,0.5100000000000002,-38,-34,sell
58741,1,0.44000000000000017,-36,-32,sell
58742,1,0.42000000000000015,-35,-31,sell
58743,-2,0.3900000000000001,-34,-30,buy
58742,1,0.4700000000000002,-36,-32,sell
58743,1,0.3900000000000001,-35,-31,sell
58744,-2,0.3800000000000001,-34,-30,buy
58742,1,0.4600000000000002,-36,-32,sell
58743,1,0.3900000000000001,-35,-31,sell
58744,-1,0.3800000000000001,-34,-30,buy
58742,1,0.4600000000000002,-35,-32,sell
58743,-1,0.3900000000000001,-34,-31,buy
58742,1,0.4600000000000002,-35,-32,sell
58743,-1,0.3900000000000001,-34,-31,buy
58742,-2,0.4600000000000002,-35,-32,buy
58741,1,0.5200000000000002,-37,-34,sell
58742,1,0.4500000000000002,-36,-33,sell
58743,3,0.3900000000000001,-35,-32,sell
58744,3,0.3600000000000001,-32,-29,sell
58745,-3,0.32000000000000006,-29,-26,buy
58744,-2,0.42000000000000015,-32,-29,buy
58742,1,0.4600000000000002,-34,-31,sell
58743,1,0.3900000000000001,-33,-30,sell
58744,2,0.3800000000000001,-32,-29,sell
58745,4,0.33000000000000007,-30,-27,sell
58748,-5,0.29000000000000004,-26,-21,buy
58746,1,0.3900000000000001,-31,-27,sell
58747,-1,0.30000000000000004,-30,-26,buy
58746,1,0.3900000000000001,-31,-27,sell
58747,-1,0.30000000000000004,-30,-26,buy
58746,-1,0.3900000000000001,-31,-27,buy
58745,-1,0.40000000000000013,-32,-28,buy
58742,3,0.4600000000000002,-33,-31,sell
58744,-2,0.3800000000000001,-30,-28,buy
58742,-2,0.4600000000000002,-32,-30,buy
58741,-1,0.5200000000000002,-34,-32,buy
58740,1,0.5400000000000003,-35,-33,sell
58742,1,0.4500000000000002,-34,-31,sell
58743,-1,0.3900000000000001,-33,-30,buy
58742,2,0.4600000000000002,-34,-31,sell
58744,1,0.3800000000000001,-32,-28,sell
58745,1,0.3400000000000001,-31,-27,sell
58746,-1,0.31000000000000005,-30,-26,buy
58745,1,0.40000000000000013,-31,-27,sell
58746,-1,0.3400000000000001,-30,-26,buy
58745,-2,0.40000000000000013,-31,-27,buy
58742,-2,0.4600000000000002,-33,-30,buy
58741,-1,0.5200000000000002,-35,-32,buy
58740,-3,0.5400000000000003,-36,-33,buy
58739,1,0.5800000000000003,-39,-36,sell
58740,-1,0.5000000000000002,-38,-35,buy
58739,-4,0.5600000000000003,-39,-36,buy
58735,3,0.6200000000000003,-43,-42,sell
58737,-2,0.5300000000000002,-40,-38,buy
58735,1,0.6200000000000003,-42,-40,sell
58736,1,0.5500000000000003,-41,-39,sell
58737,-1,0.5300000000000002,-40,-38,buy
58735,-1,0.6200000000000003,-41,-40,buy
58734,1,0.6700000000000004,-42,-41,sell
58735,-2,0.6100000000000003,-41,-40,buy
58734,-1,0.6800000000000004,-43,-42,buy
58733,2,0.7000000000000004,-44,-43,sell
58735,2,0.6100000000000003,-42,-41,sell
58736,-2,0.5400000000000003,-40,-39,buy
58735,2,0.6300000000000003,-42,-41,sell
58736,-3,0.5400000000000003,-40,-39,buy
58735,-1,0.6400000000000003,-43,-42,buy
58734,-2,0.6700000000000004,-44,-43,buy
58733,4,0.7100000000000004,-46,-45,sell
58735,-2,0.6000000000000003,-42,-41,buy
58734,-4,0.6800000000000004,-44,-43,buy
58733,-3,0.7300000000000004,-48,-47,buy
58731,-1,0.7500000000000004,-51,-50,buy
58728,-1,0.7800000000000005,-52,-53,buy
58727,-1,0.7900000000000005,-53,-54,buy
58726,4,0.8600000000000005,-54,-55,sell
58727,4,0.7400000000000004,-50,-51,sell
58728,4,0.6600000000000004,-46,-47,sell
58732,-2,0.6000000000000003,-42,-41,buy
58731,1,0.6800000000000004,-44,-43,sell
58732,1,0.6100000000000003,-43,-42,sell
58733,4,0.5500000000000003,-42,-41,sell
58735,3,0.5000000000000002,-38,-36,sell
58736,-3,0.4600000000000002,-35,-33,buy
58735,-3,0.5800000000000003,-38,-36,buy
58733,-1,0.6300000000000003,-41,-40,buy
58732,-2,0.6700000000000004,-42,-41,buy
58731,-2,0.7100000000000004,-44,-43,buy
58730,-1,0.7600000000000005,-46,-45,buy
58728,-3,0.7800000000000005,-47,-47,buy
58727,-2,0.8100000000000005,-50,-50,buy
58726,1,0.8700000000000006,-52,-52,sell
58727,2,0.7700000000000005,-51,-51,sell
58728,-2,0.6800000000000004,-49,-49,buy
58727,-3,0.7900000000000005,-51,-51,buy
58726,2,0.8800000000000006,-54,-54,sell
58727,-1,0.7600000000000005,-52,-52,buy
58726,1,0.8600000000000005,-53,-53,sell
58727,-2,0.7700000000000005,-52,-52,buy
58726,-3,0.8700000000000006,-54,-54,buy
58725,-3,0.9100000000000006,-57,-57,buy
58723,4,0.9300000000000006,-60,-60,sell
58725,2,0.7400000000000004,-56,-55,sell
58726,-2,0.6800000000000004,-54,-53,buy
58725,-2,0.7900000000000005,-56,-55,buy
58724,5,0.8700000000000006,-58,-57,sell
58725,-2,0.7300000000000004,-53,-52,buy
58724,4,0.8700000000000006,-55,-54,sell
58725,3,0.7400000000000004,-51,-50,sell
58726,4,0.6700000000000004,-48,-47,sell
58730,-1,0.6000000000000003,-44,-41,buy
58729,4,0.6700000000000004,-45,-42,sell
58730,1,0.5800000000000003,-41,-38,sell
58731,-2,0.5500000000000003,-40,-37,buy
58730,-3,0.6300000000000003,-42,-39,buy
58729,3,0.6900000000000004,-45,-42,sell
58730,-2,0.5900000000000003,-42,-39,buy
58729,3,0.6800000000000004,-44,-41,sell
58730,1,0.5900000000000003,-41,-38,sell
58731,3,0.5500000000000003,-40,-37,sell
58733,-2,0.5300000000000002,-37,-34,buy
58731,2,0.6200000000000003,-39,-36,sell
58732,2,0.5400000000000003,-37,-34,sell
58733,1,0.5200000000000002,-35,-32,sell
58734,-4,0.5000000000000002,-34,-31,buy
58733,-1,0.5900000000000003,-38,-35,buy
58731,-1,0.6200000000000003,-39,-37,buy
58730,1,0.6700000000000004,-40,-38,sell
58731,1,0.6100000000000003,-39,-37,sell
58732,-3,0.5500000000000003,-38,-36,buy
58731,1,0.6400000000000003,-41,-39,sell
58732,1,0.5500000000000003,-40,-38,sell
58733,-1,0.5300000000000002,-39,-37,buy
58731,1,0.6200000000000003,-40,-39,sell
58732,1,0.5500000000000003,-39,-38,sell
58733,2,0.5300000000000002,-38,-37,sell
58735,-2,0.4900000000000002,-36,-34,buy
58734,-3,0.5700000000000003,-38,-36,buy
58732,-3,0.6300000000000003,-41,-40,buy
58731,-1,0.6900000000000004,-44,-43,buy
58730,1,0.7000000000000004,-45,-44,sell
58732,-1,0.6100000000000003,-44,-42,buy
58731,-1,0.6700000000000004,-45,-43,buy
58730,3,0.7000000000000004,-46,-44,sell
58732,-1,0.6000000000000003,-43,-40,buy
58731,-1,0.6700000000000004,-44,-41,buy
58730,-1,0.7000000000000004,-45,-42,buy
58729,1,0.7500000000000004,-46,-43,sell
58731,3,0.6100000000000003,-45,-41,sell
58732,2,0.5800000000000003,-42,-38,sell
58733,1,0.5400000000000003,-40,-36,sell
58734,3,0.5300000000000002,-39,-35,sell
58736,1,0.4800000000000002,-36,-31,sell
58739,2,0.4500000000000002,-35,-28,sell
58740,4,0.41000000000000014,-33,-26,sell
58743,-1,0.3800000000000001,-29,-22,buy
58741,-3,0.4600000000000002,-30,-24,buy
58740,4,0.5300000000000002,-33,-27,sell
58741,2,0.42000000000000015,-29,-23,sell
58743,-1,0.3800000000000001,-27,-20,buy
58741,-2,0.4600000000000002,-28,-22,buy
58740,2,0.5200000000000002,-30,-24,sell
58741,-2,0.44000000000000017,-28,-22,buy
58740,3,0.5200000000000002,-30,-24,sell
58741,4,0.43000000000000016,-27,-21,sell
58743,2,0.3700000000000001,-23,-16,sell
58744,1,0.33000000000000007,-21,-14,sell
58745,-2,0.31000000000000005,-20,-13,buy
58744,2,0.41000000000000014,-22,-15,sell
58745,2,0.33000000000000007,-20,-13,sell
58747,2,0.29000000000000004,-18,-10,sell
58749,-3,0.24,-16,-7,buy
58748,4,0.32000000000000006,-19,-10,sell
58750,1,0.21999999999999997,-15,-6,sell
58751,2,0.18999999999999995,-14,-5,sell
58754,2,0.16999999999999993,-12,-1,sell
58756,1,0.1399999999999999,-10,1,sell
58757,-3,0.1299999999999999,-9,2,buy
58756,-2,0.20999999999999996,-12,-1,buy
58755,-1,0.24,-14,-3,buy
58754,1,0.25,-15,-4,sell
58755,2,0.17999999999999994,-14,-3,sell
58757,1,0.1299999999999999,-12,0,sell
58758,1,0.1099999999999999,-11,1,sell
58759,-2,0.07999999999999992,-10,2,buy
58758,1,0.1499999999999999,-12,0,sell
58759,-5,0.07999999999999992,-11,1,buy
58758,1,0.17999999999999994,-16,-4,sell
58759,-3,0.07999999999999992,-15,-3,buy
58758,-4,0.15999999999999992,-18,-6,buy
58757,1,0.21999999999999997,-22,-10,sell
58758,2,0.1299999999999999,-21,-9,sell
58761,-1,0.06999999999999992,-19,-5,buy
58760,-3,0.1399999999999999,-20,-6,buy
58759,3,0.20999999999999996,-23,-9,sell
58760,-4,0.1099999999999999,-20,-6,buy
58759,1,0.21999999999999997,-24,-10,sell
58760,-1,0.1299999999999999,-23,-9,buy
58759,1,0.18999999999999995,-24,-10,sell
58760,-1,0.1299999999999999,-23,-9,buy
58759,-1,0.18999999999999995,-24,-10,buy
58758,-2,0.22999999999999998,-25,-11,buy
58756,1,0.26,-27,-14,sell
58757,-3,0.17999999999999994,-26,-13,buy
58756,2,0.27,-29,-16,sell
58757,-1,0.16999999999999993,-27,-14,buy
58756,-1,0.25,-28,-15,buy
58755,-1,0.30000000000000004,-29,-16,buy
58754,-2,0.31000000000000005,-30,-17,buy
58753,-2,0.33000000000000007,-32,-19,buy
58752,1,0.3600000000000001,-34,-21,sell
58753,-1,0.29000000000000004,-33,-20,buy
58752,2,0.3500000000000001,-34,-21,sell
58753,1,0.28,-32,-19,sell
58754,-1,0.24,-31,-18,buy
58753,-2,0.30000000000000004,-32,-19,buy
58752,-1,0.3600000000000001,-34,-21,buy
58751,-1,0.3900000000000001,-35,-22,buy
58750,1,0.40000000000000013,-36,-23,sell
58751,3,0.3400000000000001,-35,-22,sell
58753,1,0.29000000000000004,-32,-19,sell
58754,-1,0.24,-31,-18,buy
58753,-1,0.30000000000000004,-32,-19,buy
58752,-2,0.3500000000000001,-33,-20,buy
58750,-1,0.40000000000000013,-35,-23,buy
58749,-1,0.43000000000000016,-36,-24,buy
58746,4,0.4600000000000002,-37,-27,sell
58748,-2,0.3700000000000001,-33,-22,buy
58746,1,0.4600000000000002,-35,-24,sell
58747,2,0.3900000000000001,-34,-23,sell
58748,-3,0.3700000000000001,-32,-21,buy
58746,4,0.4700000000000002,-35,-25,sell
58748,3,0.3700000000000001,-31,-20,sell
58749,-1,0.32000000000000006,-28,-17,buy
58748,1,0.40000000000000013,-29,-18,sell
58749,1,0.3400000000000001,-28,-17,sell
58750,2,0.31000000000000005,-27,-16,sell
58752,1,0.29000000000000004,-25,-13,sell
58753,-2,0.25,-24,-12,buy
58752,-1,0.3600000000000001,-26,-14,buy
58751,1,0.3900000000000001,-27,-15,sell
58752,-1,0.30000000000000004,-26,-14,buy
58751,3,0.3900000000000001,-27,-15,sell
58753,-2,0.29000000000000004,-24,-12,buy
58752,-6,0.3600000000000001,-26,-14,buy
58750,-1,0.42000000000000015,-32,-21,buy
58749,2,0.43000000000000016,-33,-22,sell
58750,2,0.33000000000000007,-31,-20,sell
58752,2,0.29000000000000004,-29,-17,sell
58754,-3,0.24,-27,-14,buy
58753,-1,0.32000000000000006,-30,-17,buy
58752,1,0.3500000000000001,-31,-18,sell
58753,-1,0.29000000000000004,-30,-17,buy
58752,-4,0.3500000000000001,-31,-18,buy
58750,-1,0.41000000000000014,-35,-23,buy
58749,2,0.43000000000000016,-36,-24,sell
58750,-5,0.33000000000000007,-34,-22,buy
58749,-1,0.44000000000000017,-39,-27,buy
58746,1,0.4600000000000002,-40,-30,sell
58747,3,0.3900000000000001,-39,-29,sell
58748,-1,0.3600000000000001,-36,-26,buy
58746,-4,0.4600000000000002,-37,-28,buy
58744,-1,0.5100000000000002,-41,-32,buy
58743,-3,0.5400000000000003,-42,-33,buy
58740,-3,0.5600000000000003,-45,-37,buy
58736,1,0.6200000000000003,-48,-43,sell
58737,-3,0.5500000000000003,-47,-42,buy
58735,1,0.6300000000000003,-50,-45,sell
58736,-1,0.5500000000000003,-49,-44,buy
58735,1,0.6200000000000003,-50,-45,sell
58736,-3,0.5500000000000003,-49,-44,buy
58735,1,0.6400000000000003,-52,-47,sell
58736,-4,0.5500000000000003,-51,-46,buy
58735,-3,0.6500000000000004,-55,-50,buy
58734,-3,0.6900000000000004,-58,-53,buy
58733,4,0.7200000000000004,-61,-56,sell
58735,-1,0.6000000000000003,-57,-52,buy
58734,2,0.6700000000000004,-58,-53,sell
58735,-1,0.6000000000000003,-56,-51,buy
58734,-3,0.6700000000000004,-57,-52,buy
58733,1,0.7200000000000004,-60,-55,sell
58735,2,0.6100000000000003,-59,-53,sell
58736,1,0.5400000000000003,-57,-51,sell
58737,-5,0.5300000000000002,-56,-50,buy
58735,1,0.6400000000000003,-61,-56,sell
58736,-2,0.5500000000000003,-60,-55,buy
58735,-2,0.6300000000000003,-62,-57,buy
58734,1,0.6800000000000004,-64,-59,sell
58735,2,0.6100000000000003,-63,-58,sell
58736,1,0.5400000000000003,-61,-56,sell
58737,-2,0.5300000000000002,-60,-55,buy
58735,-1,0.6200000000000003,-62,-57,buy
58734,-1,0.6700000000000004,-63,-58,buy
58733,1,0.7000000000000004,-64,-59,sell
58735,-1,0.6100000000000003,-63,-57,buy
58734,-4,0.6700000000000004,-64,-58,buy
58733,-1,0.7300000000000004,-68,-62,buy
58732,-1,0.7400000000000004,-69,-63,buy
58731,1,0.7500000000000004,-70,-64,sell
58733,3,0.6100000000000003,-69,-62,sell
58734,-1,0.5800000000000003,-66,-59,buy
58733,-1,0.6700000000000004,-67,-60,buy
58732,-4,0.7000000000000004,-68,-61,buy
58728,-2,0.7800000000000005,-72,-68,buy
58727,-3,0.8000000000000005,-74,-70,buy
58726,-1,0.8800000000000006,-77,-73,buy
58725,1,0.8900000000000006,-78,-74,sell
58726,-1,0.7700000000000005,-77,-73,buy
58725,3,0.8600000000000005,-78,-74,sell
58726,-5,0.7500000000000004,-75,-71,buy
58725,1,0.9000000000000006,-80,-76,sell
58726,2,0.7700000000000005,-79,-75,sell
58727,-3,0.7300000000000004,-77,-73,buy
58726,-2,0.8800000000000006,-80,-76,buy
58725,1,0.9000000000000006,-82,-78,sell
58726,-1,0.7700000000000005,-81,-77,buy
58725,1,0.8600000000000005,-82,-78,sell
58726,1,0.7700000000000005,-81,-77,sell
58727,-5,0.7400000000000004,-80,-76,buy
58725,-1,0.8900000000000006,-85,-81,buy
58724,-2,0.9200000000000006,-86,-82,buy
58722,1,0.9400000000000006,-88,-85,sell
58723,2,0.8500000000000005,-87,-84,sell
58724,5,0.7600000000000005,-85,-82,sell
58725,3,0.7000000000000004,-80,-77,sell
58726,-1,0.6700000000000004,-77,-74,buy
58725,1,0.7800000000000005,-78,-75,sell
58726,3,0.6900000000000004,-77,-74,sell
58730,-1,0.6000000000000003,-74,-68,buy
58729,1,0.6700000000000004,-75,-69,sell
58730,1,0.6100000000000003,-74,-68,sell
58731,-2,0.5500000000000003,-73,-67,buy
58730,-1,0.6300000000000003,-75,-69,buy
58729,-2,0.6700000000000004,-76,-70,buy
58728,-1,0.7100000000000004,-78,-72,buy
58727,-2,0.7500000000000004,-79,-73,buy
58725,2,0.7800000000000005,-81,-75,sell
58726,2,0.6800000000000004,-79,-73,sell
58728,1,0.6100000000000003,-77,-71,sell
58730,1,0.6000000000000003,-76,-69,sell
58731,2,0.5500000000000003,-75,-68,sell
58733,-2,0.5300000000000002,-73,-65,buy
58731,-1,0.6200000000000003,-75,-67,buy
58730,-1,0.6700000000000004,-76,-68,buy
58729,4,0.7000000000000004,-77,-69,sell
58731,1,0.6000000000000003,-73,-65,sell
58732,-1,0.5500000000000003,-72,-64,buy
58731,2,0.6200000000000003,-73,-65,sell
58732,-2,0.5400000000000003,-71,-63,buy
58731,-1,0.6300000000000003,-73,-65,buy
58730,-2,0.6700000000000004,-74,-66,buy
58729,-2,0.7100000000000004,-76,-68,buy
58728,-1,0.7600000000000005,-78,-70,buy
58726,1,0.7800000000000005,-79,-72,sell
58727,1,0.6900000000000004,-78,-71,sell
58729,-2,0.6100000000000003,-77,-69,buy
58728,2,0.6800000000000004,-79,-71,sell
58731,3,0.6000000000000003,-77,-67,sell
58733,-1,0.5300000000000002,-74,-63,buy
58731,-1,0.6200000000000003,-75,-65,buy
58730,-1,0.6700000000000004,-76,-66,buy
58729,1,0.7000000000000004,-77,-67,sell
58731,1,0.6100000000000003,-76,-65,sell
58732,-2,0.5500000000000003,-75,-64,buy
58731,-2,0.6300000000000003,-77,-66,buy
58730,2,0.6800000000000004,-79,-68,sell
58731,3,0.6000000000000003,-77,-66,sell
58733,1,0.5300000000000002,-74,-62,sell
58734,-4,0.5000000000000002,-73,-61,buy
58733,1,0.5900000000000003,-77,-65,sell
58734,-2,0.5000000000000002,-76,-64,buy
58733,2,0.5700000000000003,-78,-66,sell
58735,3,0.4900000000000002,-76,-63,sell
58736,-1,0.4600000000000002,-73,-60,buy
58735,2,0.5600000000000003,-74,-61,sell
58736,1,0.4900000000000002,-72,-59,sell
58739,-1,0.4500000000000002,-71,-56,buy
58738,1,0.5100000000000002,-72,-57,sell
58739,-2,0.4500000000000002,-71,-56,buy
58738,1,0.5200000000000002,-73,-58,sell
58739,1,0.4500000000000002,-72,-57,sell
58740,1,0.42000000000000015,-71,-56,sell
58741,1,0.3900000000000001,-70,-55,sell
58743,2,0.3800000000000001,-69,-53,sell
58744,-1,0.33000000000000007,-67,-51,buy
58743,-1,0.40000000000000013,-68,-52,buy
58741,-1,0.4600000000000002,-69,-54,buy
58740,-3,0.5100000000000002,-70,-55,buy
58738,-1,0.5600000000000003,-73,-59,buy
58736,1,0.6100000000000003,-74,-61,sell
58737,1,0.5000000000000002,-73,-60,sell
58740,2,0.4500000000000002,-72,-57,sell
58741,-3,0.41000000000000014,-70,-55,buy
58740,-2,0.5300000000000002,-73,-58,buy
58739,-1,0.5500000000000003,-75,-60,buy
58738,2,0.5600000000000003,-76,-61,sell
58739,-2,0.4900000000000002,-74,-59,buy
58738,-2,0.5700000000000003,-76,-61,buy
58736,1,0.6100000000000003,-78,-63,sell
58737,-3,0.5000000000000002,-77,-62,buy
58736,-1,0.5800000000000003,-80,-65,buy
58734,-2,0.6200000000000003,-81,-67,buy
58733,-3,0.6800000000000004,-83,-69,buy
58732,2,0.7200000000000004,-86,-72,sell
58734,5,0.6100000000000003,-84,-70,sell
58736,4,0.5200000000000002,-79,-64,sell
58737,-1,0.4700000000000002,-75,-60,buy
58736,1,0.5600000000000003,-76,-61,sell
58737,2,0.5000000000000002,-75,-60,sell
58740,2,0.4500000000000002,-73,-57,sell
58741,-4,0.41000000000000014,-71,-55,buy
58739,1,0.5400000000000003,-75,-60,sell
58741,-2,0.4500000000000002,-74,-58,buy
58740,-2,0.5200000000000002,-76,-60,buy
58739,-1,0.5500000000000003,-78,-62,buy
58738,-1,0.5600000000000003,-79,-63,buy
58736,-2,0.6100000000000003,-80,-65,buy
58734,-4,0.6200000000000003,-82,-67,buy
58732,-1,0.7000000000000004,-86,-72,buy
58731,2,0.7400000000000004,-87,-73,sell
58733,2,0.6100000000000003,-85,-71,sell
58734,1,0.5400000000000003,-83,-69,sell
58735,-4,0.5300000000000002,-82,-68,buy
58733,1,0.6300000000000003,-86,-72,sell
58734,-2,0.5500000000000003,-85,-71,buy
